Shanta;girl
Elizebeth;girl
Wilbert;boy
Zaiden;boy
Kenzie;girl
Santos;boy
Audriana;girl
Jeanna;girl
Windell;boy
Marshal;boy
Asia;girl
Joana;girl
Cena;girl
Lauretta;girl
Keila;girl
Nakita;girl
Georgiann;girl
Kyree;boy
Harmony;girl
Lexis;girl
Jamar;boy
Roena;girl
Cathi;girl
Melisa;girl
Deron;boy
Cristin;girl
Leonora;girl
Jep;boy
Hampton;boy
Cass;boy
Betty;boy
Martez;boy
Mannie;boy
Garvin;boy
Nery;boy
Gina;girl
Lavern;boy
Delphia;girl
Iridian;girl
Keenan;boy
Janene;girl
Reyna;girl
Ottilie;girl
Paula;girl
Keaton;boy
Lu;girl
Orie;boy
Leanne;girl
Terence;boy
James;boy
Grayling;boy
Dariana;girl
Vernetta;girl
Webb;boy
Rickey;boy
King;boy
Isadora;girl
Willis;boy
Ilda;girl
Sanai;girl
Shoji;boy
Blanche;boy
Stephania;girl
Floretta;girl
Eleni;girl
Callum;boy
Buena;girl
Kay;boy
Reatha;girl
Rice;boy
Sebastian;boy
Delpha;girl
Jaimee;girl
Clarnce;boy
Edythe;girl
Ricardo;boy
Bode;boy
Major;boy
Denny;boy
Hartley;boy
Ronald;boy
Rosy;girl
Clarisa;girl
Emilie;girl
Little;boy
Tracey;boy
Harlan;boy
Cherri;girl
Clemma;girl
Daniella;girl
Eulah;girl
Ruthe;girl
Lem;boy
Samir;boy
Kayley;girl
Ayesha;girl
Indiana;girl
Bess;girl
Bethzy;girl
Fitzgerald;boy
Male;boy
Littie;girl
Maxwell;boy
Colt;boy
Sabastian;boy
Glynis;girl
Iver;boy
Elsworth;boy
Jessenia;girl
Margarett;girl
Humphrey;boy
Lexus;girl
Echo;girl
Rubi;girl
Dillan;boy
Bryce;boy
Mabel;boy
Rashad;boy
Keara;girl
Vida;girl
Kati;girl
Authur;boy
Johnie;boy
Valentin;boy
Walker;boy
Tanika;girl
Durwood;boy
Estie;girl
Penni;girl
Louie;boy
Sommer;girl
Leonore;girl
Alexys;girl
Murray;boy
Quinton;boy
Yoshio;boy
Florrie;girl
Coen;boy
Ailene;girl
Jaeden;boy
Patricia;boy
Quiana;girl
Gennaro;boy
Esco;boy
Donovan;boy
Arely;girl
Malik;boy
Neil;boy
Darcie;girl
Glendora;girl
Claire;boy
Clearence;boy
Linette;girl
Corie;girl
Idell;girl
Shyla;girl
Renata;girl
Arielle;girl
Tamya;girl
Alvis;boy
Azalee;girl
Destinee;girl
Tammi;girl
Princess;girl
Andon;boy
Tremaine;boy
Lanie;girl
Rene;boy
Sherryl;girl
Ceil;girl
Carleigh;girl
Harrell;boy
Jonatan;boy
Christ;boy
Lorna;girl
Monique;girl
Acy;boy
Katrina;girl
Charmaine;girl
Kellan;boy
Shon;boy
Jame;boy
Odelia;girl
Lynsey;girl
Orvin;boy
Jabez;boy
Arthor;boy
Lorinda;girl
Sherilyn;girl
Montgomery;boy
Herschel;boy
Taft;boy
Traci;girl
Evonne;girl
Morris;boy
Roseanne;girl
Emmons;boy
Orrin;boy
Serenity;girl
Hildegard;girl
Essa;girl
Brittnay;girl
Mandie;girl
Bina;girl
Guadalupe;boy
Baron;boy
Olevia;girl
Wm;boy
Alphonsus;boy
Earnestine;girl
Sheryl;girl
Ebbie;boy
Elvis;boy
Destiney;girl
Presley;boy
Roma;boy
Jackeline;girl
Melville;boy
Isreal;boy
Jeffery;boy
Aurore;girl
Brogan;boy
Jarrod;boy
Theo;boy
Berniece;girl
Cheryl;boy
Jeff;boy
Jasper;boy
Newell;boy
Luella;girl
Noretta;girl
Rashaan;boy
Bernardine;girl
Claiborne;boy
Belva;girl
Branch;boy
Micky;boy
Bonny;girl
Mellie;girl
Goldia;girl
Darrin;boy
Tillie;girl
Katia;girl
Elby;boy
Zavier;boy
Alois;boy
Gavin;boy
Benson;boy
Adelina;girl
Eliana;girl
Destiny;girl
Kelsea;girl
Madalyn;girl
Merrilee;girl
Dell;boy
Red;boy
Racheal;girl
Neta;girl
Pearley;boy
Jeramiah;boy
Channing;boy
Jayleen;girl
Cal;boy
Warner;boy
Tate;boy
Olinda;girl
Lora;boy
Charlize;girl
Nathalie;girl
Wilhelmine;girl
Jarett;boy
Keenen;boy
Elian;boy
Sebrina;girl
Suzan;girl
Lilburn;boy
Sasha;girl
Latosha;girl
Beverlee;girl
Adalyn;girl
Kimball;boy
Alyvia;girl
Delano;boy
Shirlee;girl
Jessie;boy
Donnie;boy
Renita;girl
Lenny;boy
Ivette;girl
Semaj;boy
Ariella;girl
Giada;girl
Dorris;boy
Jaylan;boy
Karel;girl
Tiney;girl
Duard;boy
Bessie;boy
Peggie;girl
Brooke;girl
Hoy;boy
Terrence;boy
Mikal;boy
Jaren;boy
Angel;boy
Joey;boy
Kimberely;girl
Acey;boy
Mirtie;girl
Chandra;girl
Ephram;boy
Stacy;boy
Shara;girl
Angie;girl
Farah;girl
Inez;girl
Obie;boy
Vernie;boy
Linnie;boy
Willian;boy
Annette;girl
Lexi;girl
Selene;girl
Charity;girl
Alanna;girl
Fronnie;girl
Simpson;boy
Niko;boy
Stephan;boy
Damarcus;boy
Kianna;girl
Shawnee;girl
Helyn;girl
Aleck;boy
Tomas;boy
Jann;girl
Starr;girl
Ilona;girl
Alysa;girl
Journey;girl
Tinnie;girl
Rolanda;girl
Cecile;girl
Reese;boy
Latoya;girl
Deasia;girl
Fletcher;boy
Rylan;boy
Mafalda;girl
Clarinda;girl
Hal;boy
Deedee;girl
Robbin;boy
Ernest;boy
Selina;girl
Manerva;girl
Kerry;boy
Ezekiel;boy
Myron;boy
Seward;boy
Genaro;boy
Mahala;girl
Bynum;boy
Ignacio;boy
Yamilex;girl
Mittie;girl
Barrett;boy
Una;girl
Fidencio;boy
Shelbie;girl
Mena;girl
Lauri;girl
Erlinda;girl
Aarav;boy
Lenon;boy
Cedric;boy
Darrick;boy
Guss;boy
Richelle;girl
Sol;boy
Lorin;boy
Evelyn;boy
Evert;boy
Angele;girl
Dario;boy
Cayla;girl
Carolynn;girl
Emil;boy
Markita;girl
Otha;boy
Dellie;girl
August;boy
Judd;boy
Corbett;boy
Nelie;girl
Catharine;girl
Marilou;girl
Ica;girl
Joline;girl
Valeria;girl
Trula;girl
Tessie;girl
Tyron;boy
Aryana;girl
Bryson;boy
Anastacio;boy
Christina;boy
Donie;girl
Hilary;boy
Gaige;boy
Guilford;boy
Shania;girl
Kathleen;boy
Lucindy;girl
Delois;girl
Ivah;girl
Irvine;boy
Lionel;boy
Jayla;girl
Chante;girl
Louise;boy
Tawana;girl
Handy;boy
Luanne;girl
Allison;boy
Foy;boy
Verle;boy
Kaylin;girl
Redden;boy
Ryder;boy
Goebel;boy
Savion;boy
Ishaan;boy
Imani;girl
Nereida;girl
Georganna;girl
Lotta;girl
Jered;boy
Timothy;boy
Shannen;girl
Celina;girl
Arizona;girl
Alexis;boy
Anissa;girl
Darell;boy
Angelita;girl
Dwaine;boy
Maryellen;girl
Dorothy;boy
Kaila;girl
Keon;boy
Derrek;boy
Dellia;girl
Corry;boy
Vonda;girl
Brycen;boy
Blake;boy
Maxine;girl
Kem;boy
Nina;girl
Amarion;boy
Lolita;girl
Dovie;girl
Mya;girl
Brennan;boy
Yusuf;boy
Deangelo;boy
Cleave;boy
Deegan;boy
Jessica;boy
Carlotta;girl
Marylou;girl
Jaxson;boy
Celestine;girl
Mildred;boy
Scott;boy
Consuelo;girl
Ah;boy
Deanna;girl
Henretta;girl
Saul;boy
Mckayla;girl
Squire;boy
Lex;boy
Deven;boy
Pierce;boy
Buffy;girl
Shatara;girl
Rolf;boy
Shari;girl
Hosea;boy
Beryl;boy
Jacques;boy
Soren;boy
True;boy
Tre;boy
Kaelyn;girl
Verda;girl
Cannie;girl
Benito;boy
Lovisa;girl
Sumner;boy
Theda;girl
Lassie;girl
Charley;boy
Uriel;boy
Jacque;girl
Brandan;boy
Jobe;boy
Keyon;boy
Khiry;boy
Lesly;girl
Hamza;boy
Rosalinda;girl
Keena;girl
Lucia;girl
Merrill;boy
Conway;boy
Cleveland;boy
Nunzio;boy
Gerda;girl
Pablo;boy
Irven;boy
Renaldo;boy
Sherie;girl
Jovanni;boy
Cristen;girl
Emiliano;boy
Deborah;boy
Zayne;boy
Karsyn;girl
Taurus;boy
Karson;boy
Gertie;girl
Martine;girl
Lucien;boy
Spenser;boy
Killian;boy
Breana;girl
Haden;boy
Deidre;girl
Jayne;girl
Regina;girl
Ambrose;boy
Nola;girl
Augustine;boy
Celia;girl
Linwood;boy
Judson;boy
Georgetta;girl
Deon;boy
Daryle;boy
Wilton;boy
Jaycie;girl
Courtland;boy
Joeseph;boy
Gussie;boy
Christopher;boy
Brianna;girl
Alan;boy
Blair;boy
Gerri;girl
Johnny;boy
Karl;boy
Boss;boy
Jaylen;boy
Rakeem;boy
Brayden;boy
Paulo;boy
Mozelle;girl
Rhianna;girl
Alison;girl
Tamie;girl
Burnice;boy
Ike;boy
Dejah;girl
Brynn;girl
Tonya;girl
Rosetta;girl
Olga;girl
Taurean;boy
Mollie;girl
Ellery;boy
Jenilee;girl
Jeannette;girl
Kiersten;girl
Lawerence;boy
Dillion;boy
Devante;boy
Eliot;boy
Ieshia;girl
Sanjuana;girl
Erle;boy
Eulalia;girl
Oneta;girl
Herminia;girl
Glennie;girl
Genevra;girl
Netta;girl
Santana;boy
Burleigh;boy
Tari;girl
Latanya;girl
Roxana;girl
Dick;boy
Buddie;boy
Cherryl;girl
Lindsey;boy
Ashlie;girl
Litzy;girl
Khloe;girl
Jeptha;boy
Braylen;boy
Atlas;boy
Ouida;girl
Auston;boy
Forrest;boy
Shanika;girl
Armani;boy
Azzie;girl
Kendell;boy
Raymon;boy
Ernie;boy
Cressie;girl
Sandi;girl
Krystal;girl
Ethyle;girl
Kindra;girl
Jaquan;boy
Giovanny;boy
Maryjane;girl
Keyshawn;boy
Zora;girl
Sharyl;girl
Claud;boy
Adolf;boy
Rodney;boy
Todd;boy
Kailey;girl
Quinten;boy
Gregory;boy
Wendell;boy
Kris;boy
Seneca;boy
Hank;boy
Tanner;boy
Deb;girl
Johnnie;boy
Harrison;boy
Eldora;girl
Terry;boy
Ansley;girl
Porfirio;boy
Olar;girl
Orvel;boy
Loria;girl
Oliva;girl
Carlyle;boy
Harold;boy
Bertina;girl
Deliah;girl
Isidro;boy
Arch;boy
Shardae;girl
Loring;boy
Okey;boy
Donny;boy
Fielding;boy
Birdella;girl
Cason;boy
Dorian;boy
Camren;boy
Benny;boy
Glenn;boy
Nicola;girl
Virgil;boy
Santo;boy
Laila;girl
Kathaleen;girl
Ahmed;boy
Malachi;boy
Zandra;girl
Lucero;girl
Natalee;girl
Jaymes;boy
Adriane;girl
Butler;boy
Essence;girl
Markel;boy
Mammie;girl
Annabell;girl
Domenica;girl
Jaclyn;girl
Lesli;girl
Kenya;boy
Kathlene;girl
Shelbi;girl
Yessenia;girl
Alla;girl
Jarrell;boy
Ayaan;boy
Holli;girl
Lisandro;boy
Bula;girl
Hobson;boy
Tabatha;girl
Lucinda;girl
Florine;girl
Winton;boy
Marlen;girl
Isaiah;boy
Orren;boy
Aspen;girl
Liana;girl
Otho;boy
Chance;boy
Arra;girl
Eileen;girl
Lulie;girl
Malvina;girl
Tiffanie;girl
Melodie;girl
Rush;boy
Macie;girl
Kierra;girl
Claudio;boy
Tamera;girl
Enola;girl
Johnathan;boy
Zillah;girl
Shamika;girl
Fallon;girl
Dawna;girl
Abie;boy
Maymie;girl
Montrell;boy
Aidan;boy
Myrtis;girl
Trilby;girl
Santa;girl
Korey;boy
Javier;boy
Flo;girl
Zain;boy
Haven;boy
Dixie;boy
Adrienne;girl
Antonia;boy
Rogers;boy
Ilene;girl
Egbert;boy
Kyara;girl
Merwin;boy
Shelvia;girl
Delta;girl
Anie;girl
Lavonne;girl
Billy;boy
Alesia;girl
Viva;girl
Shafter;boy
Dollie;girl
Gregg;boy
Annice;girl
Giancarlo;boy
Twila;girl
Dorla;girl
Pamelia;girl
Alejandro;boy
Demario;boy
Ilah;girl
Terrance;boy
Carrol;boy
Beverly;boy
Erving;boy
Yolanda;girl
Yosef;boy
Argie;girl
Star;girl
Lenard;boy
Spring;girl
Eula;boy
Oral;boy
Lana;girl
Park;boy
Bea;girl
Kaylynn;girl
Constantine;boy
Rick;boy
Kamila;girl
Valarie;girl
Reuben;boy
Caro;girl
Nikole;girl
Kieth;boy
Drake;boy
Marita;girl
Latifah;girl
Blaise;boy
Kecia;girl
Shira;girl
Kyra;girl
Tavon;boy
Loraine;girl
Wash;boy
Bebe;girl
Solomon;boy
Alferd;boy
Margarite;girl
Saniyah;girl
Juluis;boy
Madilyn;girl
Elmore;boy
Hector;boy
Devonte;boy
Dessie;boy
Lulu;girl
Ashely;girl
Joye;girl
Kolten;boy
Chastity;girl
Reggie;boy
Coretta;girl
Davina;girl
Lawanda;girl
Sena;girl
Bernhard;boy
Tavion;boy
Letta;girl
Rylee;boy
Racquel;girl
Arline;girl
Esau;boy
Mahlon;boy
Efren;boy
Daisey;girl
Cloyd;boy
Khalil;boy
Shanequa;girl
Makenna;girl
Tierra;girl
Zaire;boy
Kevon;boy
Somer;girl
Jose;boy
Michal;boy
Francisco;boy
Cas;boy
Aliana;girl
Lala;girl
Winston;boy
Muriel;girl
Gurney;boy
Gabriella;girl
Virge;boy
Layla;girl
Ebenezer;boy
Pierre;boy
Mauro;boy
Permelia;girl
Sydnee;girl
Clarance;boy
Derrick;boy
Donato;boy
Else;girl
Luvenia;girl
Dagny;girl
Adolfo;boy
Cherrie;girl
Kennith;boy
Jackson;boy
Siena;girl
Mitchell;boy
Vina;girl
Pearla;girl
Robbie;boy
Casimir;boy
Monna;girl
Ova;boy
Lonie;boy
Tayla;girl
Ananias;boy
China;girl
Livia;girl
Gerold;boy
Eldon;boy
Melina;girl
Mamie;boy
Vick;boy
Saniya;girl
Berton;boy
Sheryll;girl
Hillard;boy
Joretta;girl
Colvin;boy
Fayette;boy
Nylah;girl
Maye;girl
Tamra;girl
Rella;girl
Ardelia;girl
Mimi;girl
Shep;boy
Carina;girl
Nadia;girl
Chloe;girl
Odell;boy
Phylis;girl
Lilianna;girl
Laverna;girl
Kristian;boy
Mellissa;girl
Maureen;girl
Hill;boy
Rondal;boy
Kiyoko;girl
Gaetano;boy
Coletta;girl
Kathryn;boy
Stafford;boy
Flor;girl
Jailene;girl
Ainsley;girl
Tamatha;girl
Esteban;boy
Clora;girl
Charlsie;girl
Emit;boy
Arlin;boy
Buddy;boy
Erling;boy
Lannie;boy
Nelly;girl
Ewald;boy
Rudolfo;boy
Urban;boy
Jeramy;boy
Burnett;boy
Gonzalo;boy
Duane;boy
Brandie;girl
Esta;boy
Maricela;girl
Rayne;girl
Rayfield;boy
Kit;boy
Demarion;boy
Lolla;girl
Leitha;girl
Irene;boy
Lashawn;boy
Babe;boy
Milda;girl
Almeta;girl
Demetra;girl
Pearline;girl
Merle;boy
Hughey;boy
Jemal;boy
Latoria;girl
Magdalene;girl
Verla;girl
Shay;boy
Mikalah;girl
Karla;girl
Grove;boy
Nikko;boy
Lorine;girl
Schuyler;boy
Hilario;boy
Eva;boy
Deyanira;girl
Ulysses;boy
Mell;boy
Norval;boy
Rahul;boy
Lorie;girl
Amma;girl
Ladarius;boy
Rosevelt;boy
Sharla;girl
Graham;boy
Rebeca;girl
Sharman;girl
Bama;girl
Dolores;boy
Harlen;boy
Bridget;girl
Eben;boy
Sharonda;girl
Brice;boy
Joesph;boy
Alize;girl
Gisele;girl
Karli;girl
Butch;boy
Harve;boy
Alexina;girl
Loretta;girl
Jewel;boy
Mikala;girl
Susannah;girl
Zenas;boy
Oren;boy
Val;boy
Laverne;boy
Travis;boy
Elizah;boy
Rolla;boy
Elva;boy
Benjiman;boy
Eleanore;girl
Abe;boy
Raymundo;boy
Kayden;boy
Jamel;boy
Genoveva;girl
Deward;boy
Claudine;girl
Garrick;boy
Ervin;boy
Keshia;girl
Link;boy
Wilson;boy
Pinkney;boy
Signe;girl
Ellsworth;boy
Eldridge;boy
Alpha;boy
Alf;boy
Brittany;boy
Mariel;girl
Ceasar;boy
Volney;boy
Florie;girl
Reilly;boy
Lucas;boy
Bertrand;boy
Michelle;boy
Kareen;boy
Jakob;boy
Lillis;girl
Franc;girl
Reagan;boy
Debera;girl
Christop;boy
Georgene;girl
Cael;boy
Levie;boy
Keith;boy
Dwayne;boy
Delma;boy
Christen;girl
Shyheim;boy
Kylene;girl
Karol;girl
Lark;boy
Angeles;girl
Brande;girl
Hertha;girl
Estes;boy
Velma;girl
Helaine;girl
Mordechai;boy
Edmon;boy
Cielo;girl
Rafael;boy
Pleas;boy
Vicente;boy
Ruel;boy
Ferrell;boy
Jair;boy
Delwin;boy
Priscila;girl
Burdette;boy
Channie;girl
Sie;boy
Pennie;girl
Marilee;girl
Wade;boy
Braeden;boy
Darren;boy
Fed;boy
Posey;boy
Alexus;girl
Lemma;girl
Bettyjane;girl
Orley;boy
Manuelita;girl
Kandy;girl
Zoe;girl
Mark;boy
Cher;girl
Matilde;girl
Clemente;boy
Harley;boy
Adelard;boy
Drew;boy
Wardell;boy
Dorathy;girl
Ewell;boy
Darion;boy
Cathleen;girl
Finnegan;boy
Rock;boy
Shaquana;girl
Carlota;girl
Bradly;boy
Rolando;boy
Jeraldine;girl
Patrice;girl
Salome;girl
Nicolle;girl
Vincenzo;boy
Evangelina;girl
Fanny;girl
Daria;girl
Tyrus;boy
Finley;boy
Verna;boy
Janine;girl
Ennis;boy
Shirl;girl
Caryl;girl
Duke;boy
Tallie;boy
Felisha;girl
Darci;girl
Heather;boy
Dedrick;boy
Shirley;boy
Naomi;girl
Arminta;girl
Dewayne;boy
Karyl;girl
Aaliyah;girl
Dominique;boy
Ellen;boy
Shanelle;girl
Mayra;girl
Lovell;boy
Mila;girl
Neha;girl
Gaylon;boy
Ogden;boy
Selma;girl
Octa;girl
Alvera;girl
Kolby;boy
Damaris;girl
Carlene;girl
Jorge;boy
Clotilda;girl
Amalie;girl
Colter;boy
Porter;boy
Angelique;girl
Lorena;girl
Orlo;boy
Pinkie;girl
Shalonda;girl
Alene;girl
Carolina;girl
Sussie;girl
Calista;girl
Ruben;boy
Bonita;girl
Harlon;boy
Ingrid;girl
Sheridan;boy
Kazuo;boy
Slade;boy
Jeanie;girl
Caprice;girl
Francisca;girl
Brooklyn;girl
Viridiana;girl
Cesar;boy
Millard;boy
Paige;girl
Hunter;boy
Jay;boy
Thad;boy
Kesha;girl
Watson;boy
Jaylene;girl
Chelsey;girl
Reynolds;boy
Eda;girl
Theodora;girl
Jerilynn;girl
Robby;boy
Amado;boy
Shad;boy
Delvin;boy
Djuna;girl
Harrold;boy
Jadiel;boy
Janna;girl
Alessandro;boy
Elinore;girl
Makaila;girl
Nichol;girl
Fae;girl
Salina;girl
Tenika;girl
Mckenna;girl
Theola;girl
Rosie;girl
Genevieve;girl
Queen;girl
Bud;boy
Jaidyn;boy
Ione;girl
Jiles;boy
Lilia;girl
Gladyce;girl
Art;boy
Louanna;girl
Hulda;girl
Piper;girl
Annamae;girl
Letty;girl
Irma;girl
Van;boy
Cami;girl
Najee;boy
Tobias;boy
London;boy
Emelia;girl
Gena;girl
Bryan;boy
Americo;boy
Trisha;girl
Vinson;boy
Sky;girl
Garner;boy
Antonina;girl
Adam;boy
Newton;boy
Alberta;girl
Coleen;girl
Metro;boy
Lue;boy
Beth;girl
Guido;boy
Mandy;girl
Demetrios;boy
Lizette;girl
Mckenzie;girl
Sybil;girl
Nile;boy
Theodocia;girl
Celestino;boy
Georgine;girl
Laurie;boy
Clifton;boy
Estell;boy
Teressa;girl
Lota;girl
Jamie;boy
Sadye;girl
Abbey;girl
Joseline;girl
Manning;boy
Ermine;girl
Hardy;boy
Laurel;boy
Enriqueta;girl
Joanne;girl
Treyton;boy
Eleonore;girl
Hervey;boy
Delbert;boy
Emett;boy
Jerrad;boy
Juli;girl
Sherwood;boy
Elsa;girl
Clide;boy
Marrion;boy
Bart;boy
Davion;boy
Konner;boy
Keri;girl
Brittanie;girl
Orene;girl
Helma;girl
Farris;boy
Collin;boy
Joseph;boy
Kimber;girl
Katarina;girl
Virginia;boy
Agness;girl
Budd;boy
Jacqulyn;girl
Charls;boy
Ayla;girl
Chet;boy
Vesta;girl
Newt;boy
Kimberli;girl
Oran;boy
Margarita;girl
Parthenia;girl
Vara;girl
Mariah;girl
Owen;boy
Alicia;girl
Casie;girl
Nayeli;girl
Pamella;girl
Saundra;girl
Ritchie;boy
Urijah;boy
Pinkey;girl
Loyal;boy
Jake;boy
Velvet;girl
Theophile;boy
Ingram;boy
Kenny;boy
Konnor;boy
Everett;boy
Cordelia;girl
Hurbert;boy
Desi;boy
Francies;girl
Amelie;girl
Bobbye;girl
Durward;boy
Donia;girl
Loris;girl
Cecily;girl
Garold;boy
Alyssia;girl
Camille;boy
Brittnie;girl
Alger;boy
Lambert;boy
Pheobe;girl
Shae;girl
Nikita;girl
Jeramie;boy
Kayleigh;girl
Hanson;boy
Leander;boy
Minoru;boy
Philomena;girl
Unnamed;boy
Freddie;boy
Tristen;boy
Sanjuanita;girl
Hartwell;boy
Lady;girl
Jacey;girl
Brionna;girl
North;boy
Jazlynn;girl
Ethie;girl
Alvah;boy
Amil;boy
Sharita;girl
Amasa;boy
Ciji;girl
Isa;girl
Winfield;boy
Noe;boy
Caesar;boy
Eli;boy
Tamica;girl
Charlton;boy
Clifford;boy
Phil;boy
Roxy;girl
Baker;boy
Herma;girl
Clara;boy
Jayde;girl
Werner;boy
Bronson;boy
Samara;girl
Kayla;girl
Mills;boy
Autry;boy
Suzanne;girl
Brenden;boy
Anastacia;girl
Abbott;boy
Winnie;boy
Chantel;girl
Lisbeth;girl
Myrtle;boy
Nan;girl
Marcos;boy
Jacky;boy
Kizzie;girl
Laron;boy
Anneliese;girl
Lailah;girl
Jovita;girl
Ryker;boy
Evalyn;girl
Storm;boy
Concepcion;girl
Adeline;girl
Liz;girl
Grayson;boy
Jabbar;boy
Eartha;girl
Offie;boy
Ariane;girl
Osa;girl
Karlee;girl
Dustin;boy
Trent;boy
Anna;boy
Clemens;boy
Sherri;girl
Kunta;boy
Almira;girl
Dorothea;girl
Marlys;girl
Marcelle;girl
Anita;girl
Osvaldo;boy
Paul;boy
Matteo;boy
Nannie;girl
Madlyn;girl
Verona;girl
Reason;boy
Carsen;boy
Sydni;girl
Renard;boy
Casimiro;boy
Alysia;girl
Ines;girl
Trumaine;boy
Latarsha;girl
Rosanna;girl
Federico;boy
Nevin;boy
Toivo;boy
Sheron;girl
Allie;boy
Johney;boy
Masako;girl
Solon;boy
Galilea;girl
Margy;girl
Lizbeth;girl
Emerald;girl
Lovey;girl
Aisha;girl
Mossie;girl
Tristin;boy
Abril;girl
Reva;girl
Mikeal;boy
Garfield;boy
Hayes;boy
Cletus;boy
Gaye;girl
Millie;girl
Cherelle;girl
Torie;girl
Pink;boy
Miguelangel;boy
Lloyd;boy
Courtney;boy
Abigayle;girl
Sonny;boy
Leonce;boy
Marin;girl
Torrey;boy
Shaniya;girl
Grant;boy
Tai;girl
Carlee;girl
Edris;girl
Anthony;boy
Manley;boy
Kamren;boy
Dashawn;boy
Hjalmar;boy
Sidney;boy
Shante;girl
Eve;girl
Edyth;girl
Braylon;boy
Tatiana;girl
Malaki;boy
Erasmus;boy
Ambers;boy
Modena;girl
Selena;girl
Isidor;boy
Elwin;boy
Melvina;girl
Kelis;girl
Orlena;girl
Eugene;boy
Jamarion;boy
Hali;girl
Humberto;boy
Kalyn;girl
Gerardo;boy
Maverick;boy
Annabelle;girl
Ceola;girl
Rachelle;girl
Tarsha;girl
Brenna;girl
Justine;boy
Johannah;girl
Katherine;boy
Thekla;girl
Amya;girl
Arlen;boy
Karissa;girl
Lennie;boy
Unique;girl
Jarrett;boy
Adin;boy
Vassie;girl
Erwin;boy
Dayana;girl
Oscar;boy
Jocelynn;girl
Brittaney;girl
Alycia;girl
Nathan;boy
Heriberto;boy
Odette;girl
Laddie;boy
Zada;girl
Xzavier;boy
Ashtyn;girl
Brion;boy
Lucie;girl
Nolia;girl
Mindi;girl
Martha;boy
Dorthy;girl
Dezzie;girl
Luster;boy
Corwin;boy
Cordie;girl
Keandre;boy
Patsy;boy
Martell;boy
Thea;girl
Stephanie;boy
Koen;boy
Yahir;boy
Oneal;boy
Audrey;boy
Clemmie;boy
Beulah;boy
Simona;girl
Erick;boy
Esley;boy
Lone;boy
Makala;girl
Levon;boy
Rashawn;boy
Hosteen;boy
Violeta;girl
Colleen;girl
Mayme;girl
Robin;boy
Glennis;girl
Nell;girl
Romello;boy
Aliza;girl
Attie;girl
Weldon;boy
Bruno;boy
Clemon;boy
Zetta;girl
Eugenia;girl
Vinton;boy
Zenobia;girl
Cornie;girl
Leora;girl
Mac;boy
Gus;boy
Dwyane;boy
Sherman;boy
Danyell;girl
Kirk;boy
Pryor;boy
Linn;boy
Serina;girl
Abbie;boy
Gilda;girl
Cassius;boy
Dempsey;boy
Lorayne;girl
Blas;boy
Anton;boy
Halie;girl
Wendel;boy
Cheyanne;girl
Tempie;girl
Blaze;boy
Lisa;boy
Darby;boy
Ardath;girl
Syreeta;girl
Kaye;boy
Lyndia;girl
Terra;girl
Ona;girl
Shawnna;girl
Mearl;boy
Shane;boy
Buren;boy
Juliet;girl
Tylor;boy
Ovila;boy
Edson;boy
Lavera;girl
Saint;boy
Dickie;boy
Jazlene;girl
Beadie;girl
Elissa;girl
Abdullah;boy
Dax;boy
Clarice;girl
Rod;boy
Irvin;boy
Bettina;girl
Mattye;girl
Kelsi;girl
Mardell;girl
Denzel;boy
Fern;boy
Harden;boy
Kasen;boy
Linus;boy
Leigh;boy
Kyleigh;girl
Duff;boy
Jamiya;girl
Nathanial;boy
Arminda;girl
Jill;girl
Chauncey;boy
Mame;girl
Vonetta;girl
Kash;boy
Kaiya;girl
Cassondra;girl
Latoyia;girl
Caitlin;girl
Maribel;girl
Jordy;boy
Marc;boy
Hobert;boy
Mauricio;boy
Luca;boy
Willene;girl
Darrien;boy
Velda;girl
Latonya;girl
Ean;boy
Opha;girl
Geraldo;boy
Lauren;boy
Carlton;boy
Bobbie;boy
Aedan;boy
Greyson;boy
Jazmyne;girl
Mathews;boy
Aleta;girl
Cleda;girl
Cammie;girl
Jovani;boy
Rhonda;girl
Doris;boy
Desirae;girl
Elwyn;boy
Carnell;boy
Earle;boy
Amanda;boy
Rhea;girl
Beecher;boy
Luke;boy
Yetta;girl
Trudi;girl
Delmar;boy
Jens;boy
Claribel;girl
Deann;girl
Genie;boy
Jeremy;boy
Hessie;girl
Barron;boy
Tabitha;girl
Clydie;girl
Shaniqua;girl
Venie;girl
Lenora;girl
Lorenza;boy
Elfie;girl
Nathaly;girl
Aliya;girl
Isabelle;girl
Hilda;girl
Sylvester;boy
Elisha;boy
Albin;boy
Fiona;girl
Charlee;girl
Kordell;boy
Kya;girl
Tania;girl
Salomon;boy
Rayan;boy
Natasha;girl
Siobhan;girl
Fumiko;girl
Dora;boy
Author;boy
Pam;girl
Dorthey;girl
Orra;girl
Shanell;girl
June;boy
Leila;girl
Jaeda;girl
Green;boy
Kristi;girl
Milton;boy
Bee;boy
Jana;girl
Jayvon;boy
Nathaniel;boy
Deborrah;girl
Hideo;boy
Audrianna;girl
Oddie;boy
Doc;boy
Dena;girl
Easton;boy
Derald;boy
Talia;girl
Janet;boy
Terrill;boy
Raekwon;boy
Rayshawn;boy
Jamaal;boy
John;boy
Russel;boy
Lollie;girl
Krissy;girl
Katharina;girl
Toney;boy
Judyth;girl
Davonte;boy
Othel;boy
Alysha;girl
Timmie;boy
Iliana;girl
Dani;girl
Milagros;girl
Omari;boy
Mina;girl
Luna;girl
Garry;boy
Jessi;girl
Dulce;girl
Doreen;girl
Debbie;girl
Faustino;boy
Vicki;girl
Astrid;girl
Rosalyn;girl
Leighton;boy
Wesley;boy
Epifanio;boy
Ireland;girl
Minta;girl
Gustavo;boy
Waldo;boy
Arianna;girl
Brodie;boy
Ashton;boy
Kristen;boy
Barnard;boy
Amie;girl
Danial;boy
Jean;boy
Dayna;girl
Hattie;boy
Kristine;girl
Yolonda;girl
Clay;boy
Conrad;boy
Carmella;girl
Kameron;boy
Fredric;boy
Janae;girl
Kenisha;girl
Otto;boy
Alida;girl
Houston;boy
Kaylene;girl
Hanna;girl
Grafton;boy
Reynold;boy
Marcy;girl
Albertina;girl
Ballard;boy
Felecia;girl
Saige;girl
Raphael;boy
Washington;boy
Addyson;girl
Nella;girl
Jesenia;girl
Stewart;boy
Commodore;boy
Sabrina;girl
Harlie;boy
Aubrie;girl
Domonique;boy
Philo;boy
Burl;boy
Antonetta;girl
Amari;boy
Yehuda;boy
Adison;girl
Lilian;girl
Fawn;girl
Whit;boy
Coty;boy
Tab;boy
Anne;girl
Tea;girl
Case;boy
Tandy;boy
Thomasina;girl
Nicolas;boy
Brigitte;girl
Tory;boy
Winford;boy
Lucy;boy
Dock;boy
Erika;girl
Vic;boy
Audy;boy
Jovan;boy
Kiel;boy
Dondre;boy
Rian;boy
Nicolette;girl
Taya;girl
Ragna;girl
Glenna;girl
Guillermo;boy
Michelina;girl
Jerrold;boy
Zela;girl
Bascom;boy
Dallin;boy
Chaz;boy
Leota;girl
Drucilla;girl
Vertie;girl
Joleen;girl
Dalton;boy
Twyla;girl
Max;boy
Alphons;boy
Adriana;girl
Grecia;girl
Celestia;girl
Alfonse;boy
Florian;boy
Concetta;girl
Orelia;girl
Nelia;girl
Nevada;girl
Dahlia;girl
Foch;boy
Gillian;girl
Juliann;girl
Corinna;girl
Miracle;girl
Cleta;girl
Kandice;girl
Lavinia;girl
Jerrilyn;girl
Rollo;boy
Kallie;girl
Julissa;girl
Aurelio;boy
Jon;boy
Issac;boy
Alayna;girl
Trenton;boy
Dorsey;boy
Abel;boy
Trish;girl
Isadore;boy
Cathy;girl
Tawny;girl
Ason;girl
Gerald;boy
Imogene;girl
Cindy;girl
Normand;boy
Stanley;boy
Alonza;boy
Bettylou;girl
Laurene;girl
Karrie;girl
Odalis;girl
Ardyce;girl
Laureen;girl
Agnes;boy
Victory;girl
Ulises;boy
Pate;boy
Warren;boy
Ethelyn;girl
Etter;girl
Arrie;girl
Caddie;girl
Moody;boy
Virgie;boy
Lim;boy
Kenan;boy
Frederick;boy
Thursa;girl
Gusta;girl
Chesley;boy
Judy;boy
Sammie;boy
Anjelica;girl
Mertie;girl
Joel;boy
Alannah;girl
Toma;boy
Jessika;girl
Syble;girl
Mykel;boy
Jarred;boy
Maxie;boy
Jazlyn;girl
Phoenix;boy
Lethia;girl
Maria;boy
Jude;boy
Moises;boy
Sadie;girl
Pernell;boy
Edra;girl
Etha;girl
Ceylon;boy
Junious;boy
Tad;boy
Lera;girl
Foster;boy
Trey;boy
Gaven;boy
Elie;boy
Stella;girl
Zachary;boy
Marybelle;girl
Trevin;boy
Jackie;boy
Harvy;boy
Frank;boy
Zoa;girl
Ethen;boy
Magnolia;girl
Katelin;girl
Demetria;girl
Koda;boy
Melodee;girl
Monika;girl
Garrison;boy
Kaya;girl
Delsie;girl
Arne;boy
Carter;boy
Latrice;girl
Carma;girl
Alcee;boy
Carolee;girl
Mackenzie;boy
Sunday;girl
Lukas;boy
Rebecca;boy
Arjun;boy
Marva;girl
Lanny;boy
Mae;boy
Trina;girl
Jenniffer;girl
Ferd;boy
Calhoun;boy
Melvyn;boy
Madison;boy
Clinton;boy
Bo;boy
Vincenza;girl
Zachariah;boy
Samual;boy
Hermann;boy
Taliyah;girl
Glendon;boy
Geralyn;girl
Anfernee;boy
Columbia;girl
Lydell;boy
Xiomara;girl
Madalynn;girl
Brandyn;boy
Talan;boy
Cappie;girl
Jettie;boy
Jerusha;girl
Jaunita;girl
Franco;boy
Kia;girl
Irwin;boy
Richie;boy
Christine;girl
Charly;boy
Phillis;girl
Vince;boy
Hollis;boy
Booker;boy
Tom;boy
Leafy;girl
Redmond;boy
Eris;girl
Donnell;boy
Waylon;boy
Sanaa;girl
Adell;girl
Faith;girl
Leeroy;boy
Daphne;girl
Darwyn;boy
Risa;girl
Alphonsine;girl
Isaias;boy
Teri;girl
Kiya;girl
Estel;boy
Sofia;girl
Luis;boy
Canyon;boy
Orin;boy
Izola;girl
Aldona;girl
Marianita;girl
Damien;boy
Javion;boy
Eudora;girl
Halsey;boy
Giles;boy
Darnell;boy
Naima;girl
Jeremiah;boy
Romeo;boy
Wing;boy
Valinda;girl
Loree;girl
Venus;girl
Aliyah;girl
Gerry;boy
Joseluis;boy
Sal;boy
Earley;boy
Arbie;boy
Theresia;girl
Teena;girl
Noah;boy
Derik;boy
Latrina;girl
Raymond;boy
Lilliana;girl
Clementine;girl
Fredrick;boy
Harper;boy
Derick;boy
Julious;boy
Idamae;girl
Edison;boy
Emmet;boy
Neva;girl
Jamarcus;boy
Delphine;girl
Sherwin;boy
Adelbert;boy
Zena;girl
Bettye;girl
Linda;boy
Marisol;girl
Steven;boy
Gavyn;boy
Jacob;boy
Christoper;boy
Williard;boy
Marilyn;boy
Dellar;girl
Julie;girl
Vera;boy
Norton;boy
Evia;girl
Nannette;girl
Hurley;boy
Deante;boy
Thurston;boy
Jahir;boy
Esperanza;girl
Dot;girl
Jeannine;girl
Denine;girl
Jerad;boy
Adelyn;girl
Alek;boy
Dian;girl
Bluford;boy
Barrie;boy
Marlena;girl
Lish;boy
Shelley;boy
Orland;boy
Capitola;girl
Cassandra;girl
Jabari;boy
Bev;girl
Meryl;girl
Viney;girl
Benita;girl
Metta;girl
Emogene;girl
Hoke;boy
Brantley;boy
Oland;boy
Bobbi;girl
Ferne;girl
Amira;girl
Micaela;girl
Madilynn;girl
Ewing;boy
Joella;girl
Colonel;boy
Kenji;boy
Noreta;girl
Arden;boy
Kaia;girl
Lulla;girl
Devin;boy
Alcie;girl
Lise;girl
Florida;girl
Britni;girl
Vance;boy
Rennie;girl
Gunner;boy
Emelie;girl
Mohamed;boy
Tressa;girl
Minor;boy
Thelma;boy
Adriene;girl
Alessandra;girl
Fronie;girl
Tanisha;girl
Elzy;boy
Izabella;girl
Bette;girl
Haiden;boy
Vincent;boy
Tricia;girl
Polk;boy
Efrem;boy
Armstead;boy
Arvid;boy
Deryl;boy
Cristobal;boy
Lew;boy
Alvie;boy
Raiden;boy
Albertus;boy
Daisye;girl
Loretto;girl
Dale;boy
Almon;boy
Donaciano;boy
Arie;girl
Tolbert;boy
Kalvin;boy
Duncan;boy
Antonette;girl
Marley;boy
Zackery;boy
Barbara;boy
Ivie;girl
Lorenz;boy
Francesca;girl
Janiah;girl
Lorrayne;girl
Rich;boy
Daniele;girl
Giovani;boy
Deonta;boy
Stone;boy
Deshawn;boy
Jacoby;boy
Sim;boy
Parrish;boy
Ashby;boy
Prudie;girl
Fannie;boy
Georgina;girl
Zariah;girl
Cleve;boy
Gustave;boy
Tiera;girl
Ora;boy
Rilla;girl
Arlyne;girl
Verner;boy
Hedy;girl
Lorenzo;boy
Loriann;girl
Opal;boy
Domenic;boy
Vernita;girl
Lacey;boy
Denisse;girl
Rudy;boy
Afton;girl
Alex;boy
Aleah;girl
Roseanna;girl
Qiana;girl
Freddy;boy
Dayton;boy
Brannon;boy
Fatima;girl
Deloris;girl
Caitlynn;girl
Woodrow;boy
Casey;boy
Felipe;boy
Almina;girl
Sula;girl
Bruce;boy
Ellamae;girl
Jenny;girl
Anika;girl
Marlee;girl
Jayden;boy
Besse;girl
Deeann;girl
Dolly;girl
Marinda;girl
Nikolai;boy
Adilene;girl
Annis;girl
Minerva;girl
Macey;girl
Enoch;boy
Freda;girl
Dianna;girl
Octavie;girl
Merri;girl
Sharee;girl
Isham;boy
Coby;boy
Chasity;girl
Leonel;boy
Wellington;boy
Bjorn;boy
Tiara;girl
Fernando;boy
Kenia;girl
Dallas;boy
Chana;girl
Asberry;boy
Elouise;girl
Leah;girl
Hillary;boy
Gustaf;boy
Orrie;boy
Kacey;girl
Gideon;boy
Jaylyn;girl
Aloys;boy
Joi;girl
Pauletta;girl
Irving;boy
Cody;boy
Mary;boy
Icie;girl
Rena;girl
Reina;girl
Raina;girl
Delia;girl
Grover;boy
Kenton;boy
Kobe;boy
Christena;girl
Dwane;boy
Hermon;boy
Jajuan;boy
Devan;boy
Dionte;boy
Josefina;girl
Antione;boy
Mathias;boy
Melissa;boy
Carlyn;girl
Auther;boy
Kylie;girl
Janeen;girl
Creed;boy
Coralie;girl
Joselyn;girl
Gaines;boy
Severo;boy
Rosella;girl
Johnna;girl
Aron;boy
Chalmers;boy
Darl;boy
Victor;boy
Devyn;boy
Erie;boy
Leandra;girl
Mervyn;boy
Mara;girl
Rosanne;girl
Dixon;boy
Lupe;boy
Emmy;girl
Babyboy;boy
Kellee;girl
Gaither;boy
Junius;boy
Fredie;boy
Namon;boy
Arturo;boy
Arther;boy
Torrance;boy
Georgianna;girl
Fonda;girl
Zack;boy
Derwin;boy
Denise;girl
Rosario;boy
Perry;boy
Addison;boy
Carole;girl
Jeanette;girl
Lyndsey;girl
Newman;boy
Lamarcus;boy
Ephriam;boy
Winifred;boy
Damian;boy
Alena;girl
Octavio;boy
Yamilet;girl
Clare;boy
Jakayla;girl
Rexford;boy
Robert;boy
Tyrek;boy
Meaghan;girl
Thompson;boy
Miley;girl
Gannon;boy
Ardith;girl
Ramiro;boy
Dossie;girl
Archer;boy
Cristi;girl
Esmeralda;girl
Ruie;girl
Juwan;boy
Hugo;boy
Griffin;boy
Savanna;girl
Soloman;boy
Demarco;boy
Rickie;boy
Sharyn;girl
Ryann;girl
River;boy
Alvin;boy
Christeen;girl
Payten;girl
Hoover;boy
Trevon;boy
Augusta;boy
Izetta;girl
Jenifer;girl
Karly;girl
Ami;girl
Jaleesa;girl
Orvis;boy
Luvinia;girl
Dillie;girl
Rose;boy
Milburn;boy
Abram;boy
Jerel;boy
Rosco;boy
Taylor;boy
Vita;girl
Yancy;boy
Lute;boy
Emilia;girl
Bridgett;girl
Mylie;girl
Grisel;girl
Verlin;boy
Saverio;boy
Torry;boy
Zoie;girl
Page;boy
Jeane;girl
Hyrum;boy
Patrica;girl
Garland;boy
Michaele;girl
Mylee;girl
Lillian;boy
Sunshine;girl
Shyann;girl
Sandy;boy
Vanesa;girl
Will;boy
Tavaris;boy
Alberto;boy
Rosamond;girl
Megan;girl
Dwan;girl
Malcom;boy
Orah;girl
Cole;boy
Moira;girl
Rashaad;boy
Dylon;boy
Teresa;girl
Kolton;boy
Missy;girl
Katlyn;girl
Theta;girl
Lissie;girl
Rafe;boy
Shea;boy
Wayne;boy
Sarah;boy
Norita;girl
Jane;girl
Burnell;boy
Alverda;girl
Filomena;girl
Sonja;girl
Gisselle;girl
Tia;girl
Lisha;girl
Lum;boy
Toni;girl
Hazen;boy
Ellison;boy
Marget;girl
Ell;boy
Malvin;boy
Juston;boy
German;boy
Sinda;girl
Francesco;boy
Nikhil;boy
Hadley;boy
Anson;boy
Shanda;girl
Naoma;girl
Margeret;girl
Evalena;girl
Matthias;boy
Matt;boy
Yadiel;boy
Erykah;girl
Akeem;boy
Eliza;boy
Heyward;boy
Khalilah;girl
Ida;boy
Keshawn;boy
Edmund;boy
Peggy;girl
Coy;boy
Brittnee;girl
Rey;boy
Kristoffer;boy
Shianne;girl
Starla;girl
Corina;girl
Gwen;girl
Sarita;girl
Claudette;girl
Therman;boy
Baylie;girl
Banks;boy
Marylyn;girl
Monserrat;girl
Melanie;girl
Melonie;girl
Noemi;girl
Zelpha;girl
Berkley;boy
Dereck;boy
Jonnie;boy
Josiah;boy
Alexzander;boy
Lashonda;girl
Beda;girl
Jaiden;boy
Grady;boy
Kathryne;girl
Ashlea;girl
Lyda;girl
Marylin;girl
Liberty;girl
Paisley;girl
Bernice;boy
Averie;girl
Juan;boy
Laney;girl
Basil;boy
Landyn;boy
Keifer;boy
Dominque;boy
Adelle;girl
Felicia;girl
Tianna;girl
Ozie;boy
Arvel;boy
Rusty;boy
Elmina;girl
Cathey;girl
Mitchel;boy
Dyllan;boy
Toshio;boy
Yesenia;girl
Cosmo;boy
Mose;boy
Tollie;boy
Ricki;boy
Daija;girl
Roscoe;boy
Anaya;girl
Avon;boy
Jeana;girl
Angus;boy
Jeanine;girl
Godfrey;boy
Evon;girl
Vlasta;girl
Herlinda;girl
Yvette;girl
Nellie;boy
Elwood;boy
Tangela;girl
Tamara;girl
Dennie;boy
Kyson;boy
Mendy;girl
Eunice;boy
Vickey;girl
Alfredo;boy
Malissa;girl
Elna;girl
Marguerite;girl
Jossie;girl
Arlan;boy
Shannan;girl
Lula;boy
Sheldon;boy
Merton;boy
Talmadge;boy
Horton;boy
Helena;girl
Gilman;boy
Cornelia;girl
Matilda;girl
Wendi;girl
Maddison;girl
Keira;girl
Rowena;girl
Logan;boy
Lucky;boy
Lott;boy
Harry;boy
Jeffie;boy
Emeline;girl
Aniyah;girl
Brent;boy
Rudolph;boy
Adron;boy
Finis;boy
Sarahi;girl
Breonna;girl
Almond;boy
Delphin;boy
Elton;boy
Yair;boy
Georgeann;girl
Kelvin;boy
Aydan;boy
Celie;girl
Valerie;girl
Caitlyn;girl
Boston;boy
Elmo;boy
Dimple;girl
Kellie;girl
Tiffany;boy
Fredericka;girl
Lissette;girl
Janelle;girl
Cory;boy
Kinsley;girl
Lindbergh;boy
Anjali;girl
Darron;boy
Natalia;girl
Vira;girl
Alva;boy
Donn;boy
Burrell;boy
Jaret;boy
Arlie;boy
Garret;boy
Yahaira;girl
Bradford;boy
Gracelyn;girl
Tyler;boy
Randolf;boy
Lorene;girl
Sam;boy
Alijah;boy
Ayanna;girl
Enid;girl
Alzina;girl
Kadeem;boy
Isobel;girl
Lynnette;girl
Ivonne;girl
Domingo;boy
Goldie;boy
Sheri;girl
Katelynn;girl
Cadence;girl
Noreen;girl
Virgia;girl
Brielle;girl
Heber;boy
Alverta;girl
Lottie;girl
Dema;girl
Chestina;girl
Lydia;girl
Sydell;girl
Ephraim;boy
Arvin;boy
Tena;girl
Porsche;girl
Delora;girl
Ellwood;boy
Kenna;girl
Maira;girl
Chase;boy
Hermina;girl
Annetta;girl
Eddy;boy
Sierra;girl
Ira;boy
Betsey;girl
Tucker;boy
Kiley;boy
Aden;boy
Kimora;girl
Lakeisha;girl
Hortencia;girl
Delfina;girl
Agatha;girl
Darline;girl
Lance;boy
Tishie;girl
Ridge;boy
Mintie;girl
Evelena;girl
Jesica;girl
Zella;girl
Dorine;girl
Jerald;boy
Dandre;boy
Llewellyn;boy
Neal;boy
Jaylon;boy
Hezekiah;boy
Lorrie;girl
Aidyn;boy
Amir;boy
Dontae;boy
Cristy;girl
Machelle;girl
Nestor;boy
Jaquelin;girl
Stormy;girl
Margaretta;girl
Aurora;girl
Alia;girl
Mikhail;boy
Lawyer;boy
Electa;girl
Trena;girl
Murdock;boy
Jere;boy
Jimmy;boy
Job;boy
Shanita;girl
Altha;girl
Mikaela;girl
Carmelita;girl
Treasure;girl
Sigrid;girl
Gorden;boy
Kassandra;girl
Rachael;girl
Jorja;girl
Averi;girl
Delilah;girl
Mahalia;girl
Triston;boy
Genesis;girl
Branden;boy
Conley;boy
Levern;boy
Jed;boy
Cristian;boy
Cleola;girl
Price;boy
Lynda;girl
Percival;boy
Dakota;boy
Con;boy
Colin;boy
Vollie;boy
Hoyt;boy
Elvin;boy
Rosalia;girl
Orval;boy
Crystal;boy
Miranda;girl
Ilma;girl
Clabe;boy
Atticus;boy
Bryana;girl
Gee;boy
Ama;girl
Mal;boy
Heaven;girl
Durrell;boy
Deandra;girl
Loran;boy
Yuridia;girl
Becky;girl
Krystin;girl
Vikki;girl
Nat;boy
Elma;girl
Kaleigh;girl
Vernell;boy
Vito;boy
Mikel;boy
Elias;boy
Dagmar;girl
Felix;boy
Amit;boy
Lovina;girl
Shaylee;girl
Fabian;boy
Wilkie;boy
Kaaren;girl
Raquan;boy
Kiana;girl
Ari;boy
Madeline;girl
Melody;girl
Rubin;boy
Randell;boy
Gwendolyn;girl
Jessy;boy
Myrl;boy
Gianna;girl
Owens;boy
Polly;girl
Marina;girl
Milissa;girl
Arnulfo;boy
Kaylee;girl
Jacquelin;girl
Mima;girl
Ethyl;girl
Bliss;boy
Kitty;girl
Rohan;boy
Hellen;girl
Waneta;girl
Margo;girl
Colby;boy
Reta;girl
Peter;boy
Pansy;girl
Zilpha;girl
Doss;boy
Tyquan;boy
Edith;boy
Wong;boy
Toby;boy
Arleen;girl
Valery;girl
Simone;girl
Meg;girl
Griselda;girl
Taniya;girl
Demond;boy
Amerigo;boy
Rosalee;girl
Tula;girl
Debra;boy
Lane;boy
Che;boy
Gemma;girl
Alisa;girl
Orla;boy
Colette;girl
Jayson;boy
Arlington;boy
Alani;girl
Martina;girl
Loula;girl
Reino;boy
Audie;boy
Thaddeus;boy
Jevon;boy
Leandro;boy
Wallace;boy
Dominik;boy
Magen;girl
Versa;girl
Larae;girl
Carson;boy
Araminta;girl
Amber;girl
Brian;boy
Ciara;girl
Susanne;girl
Osbaldo;boy
Yuliana;girl
Wheeler;boy
Hamp;boy
Stanislaus;boy
Debi;girl
Wanita;girl
Collier;boy
Tremayne;boy
Lillia;girl
Lyndon;boy
Lillie;boy
Yasmine;girl
Neoma;girl
Vaughn;boy
Nils;boy
Deidra;girl
Isabell;girl
Floyd;boy
Rowan;boy
Arnett;boy
Deneen;girl
Early;boy
Beatrice;boy
Louvenia;girl
Metha;girl
Dean;boy
Heidi;girl
Donavon;boy
Isla;girl
Kimberlie;girl
Toshiko;girl
Lona;girl
Dereon;boy
Jerimiah;boy
Bush;boy
Tristian;boy
Codey;boy
Merritt;boy
Gabrielle;girl
Marco;boy
Texie;girl
Lalla;girl
Kermit;boy
Bella;girl
Ardell;boy
Asa;boy
Lakesha;girl
Ali;boy
Hughie;boy
Marsh;boy
Erma;girl
Mazie;girl
Samantha;boy
Lola;boy
Herman;boy
Jordon;boy
Iza;girl
Arsenio;boy
Shawnda;girl
Pricilla;girl
Jaqueline;girl
Shayne;boy
Frazier;boy
Connor;boy
Maryann;girl
Lori;girl
Marci;girl
Orson;boy
Stefani;girl
Albert;boy
Diya;girl
Pleasant;boy
Edna;boy
Cheri;girl
Declan;boy
Lahoma;girl
Mignon;girl
Troy;boy
Danelle;girl
Elia;girl
Aaden;boy
Bena;girl
Vanessa;girl
Sheena;girl
Yaakov;boy
Ferris;boy
Maynard;boy
Abb;boy
Hilbert;boy
Denzil;boy
Charolette;girl
Wilhelmina;girl
Greene;boy
Marissa;girl
Inell;girl
Lennon;boy
May;boy
Oliver;boy
Candida;girl
Julien;boy
Elida;girl
Artelia;girl
Kaylen;girl
Onnie;girl
Mai;girl
Hosie;boy
Marvel;girl
Madelyn;girl
Fronia;girl
Daryn;boy
Armida;girl
Heath;boy
Eusebio;boy
Collie;boy
Orlando;boy
Joy;boy
Olof;boy
Ozzie;boy
Debby;girl
Shaun;boy
Burrel;boy
Alesha;girl
Wava;girl
Mandi;girl
Maurice;boy
Danna;girl
Nataly;girl
Devaughn;boy
Ella;boy
Tilden;boy
Johanna;girl
Mallie;girl
Jack;boy
Maleah;girl
Leticia;girl
Maggie;boy
Shanice;girl
Jaycee;girl
Jasmyn;girl
Stevie;boy
Wenzel;boy
Theodore;boy
General;boy
Rudolf;boy
Frances;boy
Itzel;girl
Shani;girl
Darian;boy
Gabriel;boy
Ford;boy
Margot;girl
Benjamen;boy
Donal;boy
Kenley;girl
Jennifer;boy
Kadin;boy
Luverne;boy
Trystan;boy
Brinda;girl
Allene;girl
Merlene;girl
Daryl;boy
Venice;girl
Affie;girl
Melony;girl
Chrissie;girl
Henri;boy
Eloisa;girl
Ethelbert;boy
Melany;girl
Roll;boy
Chauncy;boy
Raelynn;girl
Rodger;boy
Lemmie;boy
Kamden;boy
Ivor;boy
Reginal;boy
Jessye;girl
Hetty;girl
Niki;girl
Ryland;boy
Maryjo;girl
Michael;boy
Windy;girl
Tanja;girl
Robt;boy
Mekhi;boy
Lamonte;boy
Zeno;boy
Wilfrid;boy
Clive;boy
Maximillian;boy
Tinie;girl
Nikolas;boy
Janis;girl
Jaelynn;girl
Clair;boy
Julia;boy
Bryn;girl
Wilfredo;boy
Caryn;girl
Jameson;boy
Kinsey;girl
Tennille;girl
Ninnie;girl
Vernon;boy
Roselyn;girl
Kadence;girl
Denisha;girl
Verlon;boy
Lani;girl
Francis;boy
Abdul;boy
Krysta;girl
Pat;boy
Fernand;boy
Prentiss;boy
Kelsie;girl
Fred;boy
Ancil;boy
Benji;boy
Isom;boy
Braedon;boy
Lessie;boy
Antwon;boy
Chanda;girl
Brendon;boy
Moesha;girl
Jaslyn;girl
Izayah;boy
Levy;boy
Catrina;girl
Tilman;boy
Milas;boy
Micheal;boy
Marlie;girl
Kristina;girl
Otis;boy
Ruby;boy
Darryll;boy
Roby;boy
Kendra;girl
Dola;girl
Francisqui;girl
Acie;boy
Caylee;girl
Adan;boy
Jamin;boy
Leone;girl
Susan;boy
Holly;boy
Hezzie;boy
Madelene;girl
Julian;boy
Hiram;boy
Ann;boy
Delle;girl
Malorie;girl
Deja;girl
Anner;girl
Laquan;boy
Ransom;boy
Jazmine;girl
Ronan;boy
Rishi;boy
Mahalie;girl
Ryleigh;girl
Jayda;girl
Shalon;girl
Jaleel;boy
Elianna;girl
Salvador;boy
Liane;girl
Burgess;boy
Benedict;boy
Bulah;girl
Celena;girl
Tenisha;girl
Lacie;girl
Sibbie;girl
Perley;boy
Norris;boy
Kylan;boy
Emmaline;girl
Shyanne;girl
Scotty;boy
Arvo;boy
Donita;girl
Charissa;girl
Regan;boy
Doll;boy
Santina;girl
Jaliyah;girl
Shandra;girl
Reyes;boy
Susanna;girl
Roxann;girl
Maebell;girl
Aura;girl
Herbert;boy
Landin;boy
Stephen;boy
Morton;boy
Betha;girl
Mathilde;girl
Pamala;girl
Broderick;boy
Leatrice;girl
Brandee;girl
Orris;boy
Farrell;boy
Marleen;girl
Yazmin;girl
Marcello;boy
Tiarra;girl
Gwenda;girl
Jerold;boy
Tomie;boy
Claudia;girl
Lanita;girl
Delinda;girl
Yareli;girl
Ryley;boy
Amaris;girl
Larkin;boy
Messiah;boy
Lelah;girl
Edward;boy
Gigi;girl
Katlynn;girl
Sydney;boy
Elda;girl
Erlene;girl
Carley;girl
Darcy;boy
Rahsaan;boy
Phyllis;girl
Tayler;boy
Jimmie;boy
Litha;girl
Suzette;girl
Darleen;girl
Thornton;boy
Moriah;girl
Estrella;girl
Clevie;girl
Dosha;girl
Reanna;girl
Arletta;girl
Luciano;boy
Jeffrey;boy
Floy;boy
Juana;girl
Kelan;boy
Marjory;girl
Marylee;girl
Kathyrn;girl
Akeelah;girl
Alvy;boy
Tatum;girl
Erna;girl
Parlee;girl
Phebe;girl
Elbert;boy
Pratt;boy
Baldwin;boy
Makayla;girl
Khalid;boy
Briana;girl
Beckham;boy
Iyana;girl
Alpheus;boy
Corine;girl
Meggan;girl
Melbourne;boy
Darryn;boy
Conner;boy
Christy;boy
Tiana;girl
Omarion;boy
Davin;boy
Citlali;girl
Emry;boy
Young;boy
Woody;boy
Ciarra;girl
Monte;boy
Shonda;girl
Linton;boy
Felton;boy
Ishmael;boy
Alexandr;girl
Madora;girl
Diandra;girl
Jerrell;boy
Annamarie;girl
Craig;boy
Leopold;boy
Derrell;boy
Kori;girl
Mozell;girl
Nona;girl
Kymani;boy
Trudie;girl
Yvonne;girl
Dante;boy
Eliga;boy
Lucina;girl
Stetson;boy
Kiera;girl
Mickie;girl
Iva;boy
Silvester;boy
Aylin;girl
Darlyne;girl
Friend;boy
Brooks;boy
Janette;girl
Stephaine;girl
Lilla;girl
Elliana;girl
Wess;boy
Tristan;boy
Brandin;boy
Jodie;boy
Gaylord;boy
Alissa;girl
Allyson;girl
Darin;boy
Katherin;girl
Ham;boy
Caron;girl
Kelly;boy
Lonny;boy
Dominic;boy
Al;boy
Alver;boy
Adelaide;girl
Cordella;girl
Alexandre;boy
Bernadine;girl
Contina;girl
Leia;girl
Milford;boy
Ace;boy
Jefferson;boy
Gil;boy
Bryanna;girl
Takisha;girl
Daijah;girl
Hildred;girl
Corean;girl
Nena;girl
Davon;boy
Sable;girl
Roosevelt;boy
Abbigail;girl
Dulcie;girl
Esther;boy
Hallie;boy
Dori;girl
Gael;boy
Exie;girl
Daisie;girl
Horace;boy
Olen;boy
Matias;boy
Stacey;boy
Alline;girl
Clyde;boy
Eldred;boy
Bailee;girl
Rae;boy
Deric;boy
Palmer;boy
Jalynn;girl
Alvia;boy
Mercy;girl
Doctor;boy
Jorden;boy
Sharlene;girl
Alexa;girl
Sylvia;girl
Isabela;girl
Ruth;boy
Hailey;girl
Ardelle;girl
Brianne;girl
Johan;boy
Lella;girl
Almus;boy
Sammy;boy
Chalmer;boy
Serena;girl
Katerina;girl
Burnie;boy
Shirlie;girl
Estill;boy
Lasonya;girl
Roger;boy
Burley;boy
Marylouise;girl
Dessa;girl
Azul;girl
Alexia;girl
Jacquline;girl
Dorcas;girl
Karis;girl
Starling;boy
Makenzie;girl
Ibrahim;boy
Candido;boy
Ardeth;girl
Marquise;boy
Vergie;girl
Hillery;boy
Pluma;girl
Diego;boy
Ola;boy
Manila;girl
Pamela;boy
Josue;boy
Luisa;girl
Zion;boy
Kari;girl
Dozier;boy
Leatha;girl
Alejandra;girl
Marques;boy
Tambra;girl
Spencer;boy
Shawna;girl
Stephon;boy
Amare;boy
Trever;boy
Edmonia;girl
Manly;boy
Micayla;girl
Thos;boy
Karon;girl
Kaylyn;girl
Ludwig;boy
Wright;boy
Regenia;girl
Macarthur;boy
Edsel;boy
Kirt;boy
Cori;girl
Susie;boy
Eveline;girl
Denton;boy
Doyle;boy
Giselle;girl
Nita;girl
Maude;boy
Braxton;boy
Lilyana;girl
Garrett;boy
Nolan;boy
Reid;boy
Laken;girl
Odin;boy
Adolphus;boy
Kaitlynn;girl
Chaya;girl
Biddie;girl
Kiara;boy
Baxter;boy
Shawanda;girl
Hebert;boy
Sampson;boy
Augustin;boy
Marilla;girl
Woodson;boy
Ricci;boy
Garnett;boy
Fernanda;girl
Angelic;girl
Tim;boy
Versie;girl
Chiquita;girl
Nadine;girl
Austyn;boy
Leilani;girl
Kaeden;boy
Remington;boy
Adriel;boy
Chimere;girl
Crysta;girl
Roberto;boy
Charlene;girl
Hana;girl
Chanel;girl
Zettie;girl
Chas;boy
Jada;girl
Roberta;girl
Ashly;girl
Deontae;boy
Kanesha;girl
Tyrel;boy
Kristopher;boy
Ammie;girl
Lamont;boy
Latricia;girl
Hymen;boy
Einar;boy
Tomika;girl
Christin;girl
Algernon;boy
Tatyana;girl
Shakira;girl
Demian;boy
Jedidiah;boy
Lidia;girl
Loren;boy
Bedford;boy
Corrina;girl
Mallorie;girl
Stan;boy
Tobe;boy
Ivana;girl
Reinhold;boy
Kylee;girl
Kaleb;boy
Almyra;girl
Isiah;boy
Theodosia;girl
Adalberto;boy
Shelli;girl
Luther;boy
Hansel;boy
Delmas;boy
Gearld;boy
Madonna;girl
Tawanda;girl
Nakia;boy
Ellyn;girl
Webster;boy
Michell;girl
Scot;boy
Huey;boy
Marsha;girl
Alisson;girl
Rihanna;girl
Marcie;girl
Terance;boy
Refugio;boy
Deirdre;girl
Abigale;girl
Nova;girl
Erastus;boy
Shanna;girl
Aleen;girl
Odus;boy
Julianna;girl
Danielle;boy
Kennard;boy
Aric;boy
Nicklaus;boy
Margery;girl
Gayla;girl
Beatriz;girl
Manie;girl
Sid;boy
Simmie;boy
Vennie;girl
Efrain;boy
Elvina;girl
Rigoberto;boy
Jaye;girl
Thedore;boy
Markell;boy
Marlyn;boy
Cris;boy
Kellen;boy
Chrissy;girl
Lawton;boy
Myrna;girl
Jaida;girl
Perla;girl
Lyn;boy
Raven;boy
Devontae;boy
Madisen;girl
Burk;boy
Arnav;boy
Winthrop;boy
Charlottie;girl
Devon;boy
Docia;girl
Gracia;girl
Ottilia;girl
Nanci;girl
Brynlee;girl
Melton;boy
Vallie;girl
Clarine;girl
Evita;girl
Kathlyn;girl
Arvil;boy
Athena;girl
Lemon;boy
Leonard;boy
Jaquez;boy
Tyrik;boy
Santiago;boy
Angelina;girl
Nichelle;girl
Bertha;boy
Edgardo;boy
Celesta;girl
Meda;girl
Henrietta;girl
Keion;boy
Tommy;boy
Tyesha;girl
Eustace;boy
Luciana;girl
Isidore;boy
Skyler;boy
Nobie;girl
Miller;boy
Ezra;boy
Barbra;girl
Woodie;boy
Janey;girl
Violetta;girl
Eulalie;girl
Boris;boy
Ismael;boy
Chessie;girl
Kasie;girl
Allisson;girl
Paloma;girl
Drusilla;girl
Wells;boy
Krish;boy
Vada;girl
Adria;girl
Adlai;boy
Nanette;girl
Alwina;girl
Greg;boy
Honora;girl
Javonte;boy
Ayana;girl
Anders;boy
Karyme;girl
Britt;boy
Sherree;girl
Levin;boy
Lizabeth;girl
Ellis;boy
Lowell;boy
Merlyn;boy
Cinthia;girl
Cam;boy
Buck;boy
Anabelle;girl
Melinda;girl
Cinda;girl
Vicky;girl
Sherrie;girl
Oswald;boy
Maxim;boy
Tessa;girl
Ed;boy
Adelia;girl
Montel;boy
Hart;boy
Daniel;boy
Alethea;girl
Ernestine;girl
Carmel;boy
Breanna;girl
Jefferey;boy
Isabella;girl
Odalys;girl
Eino;boy
Arta;girl
Arkie;girl
Josephus;boy
Mohammad;boy
Tracee;girl
Tresa;girl
Shawn;boy
Brandi;girl
Keagan;boy
Alina;girl
Gorge;boy
Taina;girl
Tara;girl
Willodean;girl
Jannie;girl
Ofelia;girl
Lissa;girl
Lars;boy
Nelson;boy
Samie;boy
Tori;girl
Lenna;girl
Breann;girl
Armando;boy
Sylvan;boy
Shade;boy
Joelle;girl
Dara;girl
Osborne;boy
Darla;girl
Haywood;boy
Frederic;boy
Eathel;girl
Emanuel;boy
Anice;girl
Odile;girl
Jaydan;boy
Alvan;boy
Iverson;boy
Krystle;girl
Keeley;girl
Arlene;girl
Leonie;girl
Alexande;boy
Lakeshia;girl
Shawnte;girl
Hershel;boy
Rosia;girl
Cherise;girl
Vickie;girl
Yoshiko;girl
Phillip;boy
Georgette;girl
Lynwood;boy
Dan;boy
Elisa;girl
Tennessee;girl
Dayami;girl
Alphonso;boy
Mallory;girl
Gilmer;boy
Brant;boy
Myrta;girl
Carie;girl
Monnie;girl
Antony;boy
Reba;girl
Delores;girl
Vena;girl
Noelle;girl
Donell;boy
Melva;girl
Chuck;boy
Halley;boy
Burney;boy
Benjman;boy
Waymon;boy
Fairy;girl
Berta;girl
Dakoda;boy
Ula;girl
Essex;boy
Elizbeth;girl
Concha;girl
Xena;girl
Sheila;girl
Freeman;boy
Karma;girl
Infant;boy
Marjorie;girl
Pearly;girl
Treva;girl
Georgeanna;girl
Tammie;girl
Jeffry;boy
Nealy;girl
Kamora;girl
Joslyn;girl
Wylie;boy
Leamon;boy
Aloysius;boy
Katina;girl
Lavona;girl
Zigmund;boy
Nels;boy
Nealie;girl
Erin;boy
Avery;boy
Dannie;boy
Emilio;boy
Junia;girl
Trinidad;boy
Jennette;girl
Candace;girl
Adele;girl
Crete;girl
Destini;girl
Edw;boy
Mireya;girl
Cary;boy
Kamilah;girl
Etta;girl
Adah;girl
Vinnie;girl
Marti;girl
Shaquita;girl
Kathrine;girl
Cornel;boy
Merl;boy
Idella;girl
Carleton;boy
Dayanara;girl
Ladonna;girl
Chaim;boy
Chloie;girl
Raleigh;boy
Gearldine;girl
Eleanora;girl
Delmer;boy
Skyla;girl
Deacon;boy
Carisa;girl
Willard;boy
Jerry;boy
Emmit;boy
Fran;girl
Tilda;girl
Montie;boy
Shreya;girl
Keegan;boy
Caleb;boy
Shameka;girl
Irl;boy
Royal;boy
Audra;girl
Irva;girl
Magdalen;girl
Evelina;girl
Emilee;girl
Bernetta;girl
Carlo;boy
Kareem;boy
Greggory;boy
Bert;boy
Sally;girl
Wiley;boy
Beau;boy
Dorinda;girl
Carroll;boy
Kip;boy
Pauline;boy
Rosa;boy
Elliot;boy
Erich;boy
Viola;boy
Candyce;girl
Daja;girl
Marta;girl
Tawanna;girl
Trace;boy
Summer;girl
Jena;girl
Myrtie;girl
Armin;boy
Janice;boy
Chadrick;boy
Lelar;girl
Eber;boy
Tyrone;boy
Talen;boy
Lockie;girl
Drury;boy
Connie;boy
Kristy;girl
Mable;girl
Frona;girl
Jolene;girl
Fuller;boy
Alwin;boy
Clovis;boy
Jasmine;boy
Gladstone;boy
Shasta;girl
Alease;girl
Casandra;girl
Kailee;girl
David;boy
Glinda;girl
Harlene;girl
Jerome;boy
Lucian;boy
Verlie;girl
Leesa;girl
Retha;girl
Adonis;boy
Charlie;boy
Berry;boy
Blanch;girl
Dasia;girl
Leslee;girl
Sullivan;boy
Dangelo;boy
Bobby;boy
Lavenia;girl
Derl;boy
Francine;girl
Jerri;girl
Eduardo;boy
Abagail;girl
Sherita;girl
Mickey;boy
Keli;girl
Wilma;girl
Dorathea;girl
Hazle;girl
Thurman;boy
Nathanael;boy
Camron;boy
Albertine;girl
Geovanni;boy
Lesa;girl
Amon;boy
Huldah;girl
Deion;boy
Westley;boy
Margretta;girl
Danniel;boy
Mindy;girl
Buell;boy
Tabetha;girl
Chelsie;girl
Karen;boy
Selmer;boy
Sherrill;boy
Misael;boy
Penelope;girl
Lesta;girl
Dabney;boy
Dania;girl
Mat;boy
Sonia;girl
Treyvon;boy
Sandie;girl
Johathan;boy
Catherine;boy
Kristyn;girl
Daisha;girl
Felicity;girl
Alyce;girl
Marcella;girl
Buna;girl
Merna;girl
Denis;boy
Destin;boy
Vonnie;girl
Marie;boy
Kaela;girl
Assunta;girl
Onie;girl
Noemie;girl
Carmelo;boy
Ray;boy
Crockett;boy
Earlean;girl
Sister;girl
Halbert;boy
Kerwin;boy
Meredith;boy
Grayce;girl
Zita;girl
Kerri;girl
Cherilyn;girl
Omar;boy
Loda;girl
Damond;boy
Zelda;girl
Bonnie;boy
Blossom;girl
Edla;girl
Falon;girl
Harvie;boy
Masao;boy
Golden;boy
Jules;boy
Louetta;girl
Andrea;boy
Shan;boy
Admiral;boy
Johana;girl
Dwain;boy
Azaria;girl
Andra;boy
Katheryn;girl
Elinor;girl
Carol;boy
Achsah;girl
Dustan;boy
Renada;girl
Lorne;boy
Lon;boy
Frida;girl
Crissy;girl
Miesha;girl
Silvio;boy
Braiden;boy
Lara;girl
Plummer;boy
Illya;boy
Geoff;boy
Manford;boy
Jarad;boy
Adella;girl
Justyn;boy
Felice;girl
Ardella;girl
Effa;girl
Rozella;girl
Maren;girl
Ovid;boy
Jennings;boy
Teddy;boy
Sloane;girl
Vidal;boy
Chelsy;girl
Pattie;girl
Kiyoshi;boy
Meta;girl
Cyril;boy
Guthrie;boy
Bret;boy
Randal;boy
Jalisa;girl
Dolph;boy
Corda;girl
Wiliam;boy
Primus;boy
Champ;boy
Osborn;boy
Margrett;girl
Lesley;boy
Alto;boy
Ronaldo;boy
Sibyl;girl
Daunte;boy
Ahmad;boy
Izabelle;girl
Julianne;girl
Aria;girl
Collette;girl
Noel;boy
Haylee;girl
Artis;boy
Meghann;girl
Edd;boy
Malaya;girl
Illa;girl
Selah;girl
Holland;boy
Elana;girl
Bernita;girl
Shepherd;boy
Jaydon;boy
Tiny;girl
Roxane;girl
Edie;boy
Nya;girl
Scarlet;girl
Derek;boy
Judi;girl
Vinie;girl
Yandel;boy
Zula;girl
Prentice;boy
Scottie;boy
Missouri;girl
Darryl;boy
Woodroe;boy
Kisha;girl
Rhoda;boy
Virgle;boy
Cydney;girl
Haleigh;girl
Arba;boy
Jaxon;boy
Lilah;girl
Dyan;girl
Loreen;girl
Emmett;boy
Esequiel;boy
Adrian;boy
Luann;girl
Ronal;boy
Erik;boy
Hjalmer;boy
Andy;boy
Cornelius;boy
Severt;boy
Ether;girl
Hildegarde;girl
Harl;boy
Montserrat;girl
Rona;girl
Eugenie;girl
Nira;girl
Tamala;girl
Melvin;boy
Lilly;girl
Parley;boy
Bose;boy
Mora;girl
Elvia;girl
Ota;girl
Marlo;boy
Nathen;boy
Brennon;boy
Axel;boy
Imelda;girl
Margret;girl
Rory;boy
Attilio;boy
Janiya;girl
Unknown;boy
Delton;boy
Terrie;girl
Chris;boy
Frieda;girl
Ima;girl
Kadijah;girl
Rhiannon;girl
Nonie;girl
Sylva;girl
Neola;girl
Jamya;girl
Cale;boy
Kinte;boy
Christal;girl
Larry;boy
Jesse;boy
Maximo;boy
Dafne;girl
Cap;boy
Florentino;boy
Reno;boy
Vashti;girl
Christene;girl
Marcia;girl
Mason;boy
Emely;girl
Evans;boy
Abby;girl
Kelsey;boy
Aryan;boy
Mustafa;boy
Donte;boy
Perri;girl
Marcelo;boy
Kazuko;girl
Pascal;boy
Jerrod;boy
Chadwick;boy
Kaylie;girl
Elzie;boy
Augustus;boy
Kurt;boy
Giovanna;girl
Savannah;girl
Zadie;girl
Nora;boy
Jacalyn;girl
Britton;boy
Idabelle;girl
Jennie;boy
Lemuel;boy
Arnie;boy
Marlene;girl
Lavada;girl
Parker;boy
Fidel;boy
Dwight;boy
Oleta;girl
Lucille;boy
Dee;boy
Lavonda;girl
Camden;boy
Toriano;boy
Wally;boy
Brennen;boy
Tyrin;boy
Dion;boy
Geri;girl
Charline;girl
Everette;boy
Randolph;boy
Sonya;girl
Olena;girl
Iris;girl
Wilford;boy
Hilma;girl
Aubra;boy
West;boy
Lisette;girl
Clint;boy
Sue;girl
Jermain;boy
Jarrad;boy
Janay;girl
Claus;boy
Dorene;girl
Duwayne;boy
Rhett;boy
Ashley;boy
Hollie;boy
Miguel;boy
Danette;girl
Freida;girl
Ted;boy
Moshe;boy
Terell;boy
Domenico;boy
Donavan;boy
Wende;girl
Joann;girl
Jessee;boy
Alisha;girl
Jonathon;boy
Jasen;boy
Raul;boy
Willa;girl
Almer;boy
Odie;boy
Savanah;girl
Zollie;boy
Randall;boy
Shonna;girl
Tavian;boy
Jasmin;girl
Vicy;girl
Archibald;boy
Marisela;girl
Rillie;girl
Rayburn;boy
Shavonne;girl
Theron;boy
Agustin;boy
Kale;boy
Colon;boy
Candis;girl
Winnifred;girl
Leta;girl
Veronica;girl
Tobie;boy
Jereme;boy
Kingston;boy
Jule;boy
Willie;boy
Randy;boy
Anderson;boy
Missie;girl
Loyce;girl
Jailyn;girl
Annie;boy
Kade;boy
Katlin;girl
Rayna;girl
Merrily;girl
Demonte;boy
Tashina;girl
Barb;girl
Arley;boy
Rocco;boy
Bentley;boy
Marcelino;boy
Zelia;girl
Lovett;boy
Dominick;boy
Jakobe;boy
Obe;boy
Sarrah;girl
Kattie;girl
Lige;boy
Codie;boy
Pairlee;girl
Latasha;girl
Asha;girl
Josie;girl
Kandace;girl
Dirk;boy
Harriet;girl
Dejon;boy
Lynn;boy
Raynard;boy
Kelli;girl
Janessa;girl
Symone;girl
Eboni;girl
Whitley;girl
Hailie;girl
Liza;girl
Xavier;boy
Arnoldo;boy
Anabella;girl
Rodrick;boy
Britny;girl
Paralee;girl
Keshaun;boy
Nada;girl
Ancel;boy
Santino;boy
Adina;girl
Rosey;girl
Jared;boy
Doloris;girl
Lavar;boy
Eller;girl
Uriah;boy
Margurite;girl
Sharen;girl
Teela;girl
Ewin;boy
Narcissus;girl
Matie;girl
Quint;boy
Kaydence;girl
Keanna;girl
Wilda;girl
Charle;boy
Brady;boy
Liliana;girl
Marry;girl
Rubye;girl
Shelba;girl
Evelin;girl
Geneva;girl
Kendall;boy
Renee;girl
Brigette;girl
Norah;girl
Bernardo;boy
Malissie;girl
Lenwood;boy
Orma;girl
Reece;boy
Leala;girl
Regena;girl
Elle;girl
Lorelai;girl
Jaylah;girl
Ada;boy
Stonewall;boy
Crawford;boy
Norberto;boy
Katharine;girl
Branson;boy
Latonia;girl
Christie;girl
Kaitlin;girl
Annalise;girl
Christa;girl
Mychal;boy
Isis;girl
Nolen;boy
Don;boy
Anya;girl
Yaretzi;girl
Ayden;boy
Yulisa;girl
Yurem;boy
Corinne;girl
Davante;boy
Sallie;girl
Cathern;girl
Welton;boy
Byron;boy
Jeanne;girl
Belton;boy
Hayden;boy
Mario;boy
Kyrie;girl
Alby;boy
Kacie;girl
Kaley;girl
Ely;boy
Mel;boy
Kevin;boy
Merry;girl
Latesha;girl
Judith;boy
Cora;boy
Lois;boy
Hardin;boy
Rosabelle;girl
Gregoria;girl
Kennth;boy
Cayden;boy
Ernst;boy
Durell;boy
Natalie;girl
Rachel;boy
Neveah;girl
Francina;girl
Elwanda;girl
Rosena;girl
Melissia;girl
Dudley;boy
Lillard;boy
Chaka;girl
Doretha;girl
Weaver;boy
Carissa;girl
Alaina;girl
Codi;boy
Joe;boy
Bartley;boy
Fidelia;girl
Forest;boy
Giuseppe;boy
Estela;girl
Dianne;girl
Lura;girl
Vander;boy
Gilmore;boy
Tiffani;girl
Jaydin;boy
Maddox;boy
Ariana;girl
Virgel;boy
Benton;boy
Jeremie;boy
Elyssa;girl
Landen;boy
Chace;boy
Makhi;boy
Jermey;boy
Suzanna;girl
Brook;boy
Lulah;girl
Yoselin;girl
Buford;boy
Wayland;boy
Jeanmarie;girl
Ashlynn;girl
Franz;boy
Brandt;boy
Mettie;girl
Drema;girl
Ronin;boy
Ferman;boy
Nick;boy
Kasandra;girl
Kael;boy
Bridger;boy
Justin;boy
Oralia;girl
Lindy;boy
Truman;boy
Amiah;girl
Amberly;girl
Maura;girl
Kipp;boy
Oline;girl
Adaline;girl
Amin;boy
Graydon;boy
Kenney;boy
Garth;boy
Sannie;girl
Shaniece;girl
Ruthanne;girl
Danyel;girl
Raegan;girl
Boyce;boy
Millicent;girl
Judah;boy
Wirt;boy
Sienna;girl
Hayward;boy
William;boy
Lorelei;girl
Tatia;girl
Elois;girl
Laci;girl
Kayli;girl
Blanchie;girl
Jaheim;boy
Arvilla;girl
Cailyn;girl
Faye;girl
Signa;girl
Elise;girl
Winter;girl
Joni;girl
Amos;boy
Sigurd;boy
Aiyana;girl
Joellen;girl
Antionette;girl
Turner;boy
Angelia;girl
Clyda;girl
Kirstie;girl
Nia;girl
Yadira;girl
Glynda;girl
Bradyn;boy
Olin;boy
Estefany;girl
Rustin;boy
Miles;boy
Madden;boy
Edgar;boy
Davy;boy
Delisa;girl
Orange;boy
Kalene;girl
Amy;boy
Mike;boy
Amina;girl
Lisle;boy
Paulette;girl
Lynette;girl
Walter;boy
Cordaro;boy
Cheyenne;boy
Glynn;boy
Alston;boy
Finn;boy
Kasey;boy
Math;boy
Roland;boy
Mercer;boy
Reginald;boy
Jasiah;boy
Renea;girl
Kimberley;girl
Maida;girl
Daren;boy
Cannon;boy
Helmer;boy
Alwilda;girl
Gennie;girl
Maci;girl
Corrie;girl
Zander;boy
Senora;girl
Collins;boy
Delina;girl
Nettie;girl
Desmond;boy
Levi;boy
Mariana;girl
Hadassah;girl
Lucile;girl
Caren;girl
Marcellus;boy
Ned;boy
Lucius;boy
Shantell;girl
Camilla;girl
Willow;girl
Menachem;boy
Michale;boy
Jerilyn;girl
Migdalia;girl
Rex;boy
Marquita;girl
Rollin;boy
Allan;boy
Marianne;girl
Cathie;girl
Gerhard;boy
Tamisha;girl
Veola;girl
Pete;boy
Karlie;girl
Rueben;boy
Palma;girl
Ethelene;girl
Minnie;boy
Tarik;boy
Tyreke;boy
Robley;boy
Juliette;girl
Jadyn;boy
Gustavus;boy
Dicie;girl
Cordell;boy
Brayan;boy
Quincy;boy
Yaritza;girl
Rettie;girl
Ben;boy
Diallo;boy
Albina;girl
Lavon;boy
Percy;boy
Joetta;girl
Vilma;girl
Kristie;girl
Felicie;girl
Seth;boy
Hudson;boy
Arietta;girl
Jenni;girl
Darold;boy
Rikki;girl
Kaliyah;girl
Zeke;boy
Britany;girl
Macel;girl
Xander;boy
Salma;girl
Dove;girl
Shaneka;girl
Council;boy
Nehemiah;boy
Demetric;boy
Isam;boy
Diana;girl
Ab;boy
Emily;girl
Kizzy;girl
Leann;girl
Myla;girl
Harm;boy
Verdell;girl
Lenord;boy
Atha;boy
Tariq;boy
Clella;girl
Shavon;girl
Luda;girl
Erby;boy
Lea;boy
Nico;boy
Sherry;girl
Henderson;boy
Mart;boy
Diane;boy
Kennedy;boy
Annabel;girl
Dayse;girl
Alanzo;boy
Blaine;boy
Cyrus;boy
Samson;boy
Ocie;boy
Laylah;girl
Alonso;boy
Isai;boy
Eppie;girl
Braelyn;girl
Candice;girl
Terri;girl
Cloe;girl
Lilie;girl
Markus;boy
Oney;girl
Doshia;girl
Gloria;boy
Zaniyah;girl
Levina;girl
Corey;boy
Keanu;boy
Debbra;girl
Johnathon;boy
Hyman;boy
Gino;boy
Ezzard;boy
Algot;boy
Ken;boy
Jedediah;boy
Earnest;boy
Kanye;boy
Jaylynn;girl
Dinah;girl
Rashida;girl
Aaron;boy
Del;boy
Fleta;girl
Harding;boy
Donta;boy
Gabriela;girl
Syed;boy
Bertie;boy
Johny;boy
Rosemarie;girl
Leslie;boy
Jase;boy
Leda;girl
Russ;boy
Amara;girl
Clemie;girl
Austen;boy
Maximus;boy
Leisha;girl
Sedrick;boy
Tina;boy
Nikia;girl
Magdalena;girl
Huston;boy
Neely;boy
Valencia;girl
Kody;boy
Earlie;boy
Halle;girl
Bartholomew;boy
Jalon;boy
Shelly;boy
Evelyne;girl
Marty;boy
Louann;girl
Janie;girl
Fate;boy
Celeste;girl
Delos;boy
Maryanne;girl
Maya;girl
Rinda;girl
Brigid;girl
Jillian;girl
Tomasa;girl
Carry;girl
Mace;boy
Edmond;boy
Tyrell;boy
Blain;boy
Chanie;girl
Kamari;boy
Wilburn;boy
Andrew;boy
Chester;boy
Maritza;girl
Amirah;girl
Nilda;girl
Dennis;boy
Patty;girl
Elayne;girl
Dann;boy
Lelia;girl
Chin;boy
Carl;boy
Zona;girl
Hakim;boy
Arnold;boy
Anahi;girl
Richard;boy
Brett;boy
Eliezer;boy
Dannielle;girl
Abdiel;boy
Walt;boy
Howard;boy
Norma;girl
York;boy
Gunnar;boy
Tyrese;boy
Joanna;girl
Sanford;boy
Bennie;boy
Haruko;girl
Shaquan;boy
Imo;girl
Briley;girl
Nakisha;girl
Olivine;girl
Kerrie;girl
Sophie;girl
Gaynell;girl
Kaycee;girl
Martin;boy
Alana;girl
Rico;boy
Seldon;boy
Hiroshi;boy
Lainey;girl
Cali;girl
Fremont;boy
Candy;girl
Jordi;boy
Inger;girl
Pasquale;boy
Lurline;girl
Gerard;boy
Dewitt;boy
Nanna;girl
Bettie;girl
Leopoldo;boy
Ophelia;girl
Marnie;girl
Sade;girl
Gordon;boy
Elaina;girl
Le;boy
Maranda;girl
Caden;boy
Brea;girl
Vernia;girl
Chrystal;girl
Benjaman;boy
Berlin;boy
Clytie;girl
Albertha;girl
Elodie;girl
Cari;girl
Doshie;girl
Tyreek;boy
Luetta;girl
Granville;boy
Brain;boy
Shemar;boy
Dolphus;boy
Hope;boy
Noelia;girl
Medora;girl
Gidget;girl
Fitzhugh;boy
Torey;boy
Worth;boy
Nigel;boy
Shellie;boy
Mayo;boy
Annabella;girl
Eleanor;boy
Lonnie;boy
Cilla;girl
George;boy
Evie;girl
Octave;boy
Rochelle;girl
Jordan;boy
Jelani;boy
Mack;boy
Nicole;boy
Patti;girl
Mozella;girl
Dusty;boy
Myer;boy
Elvie;boy
Madisyn;girl
Deena;girl
Julio;boy
Theadore;boy
Edwin;boy
Draven;boy
Karie;girl
Mavis;girl
Braulio;boy
Ellie;boy
Carmela;girl
Jett;boy
Adrianna;girl
Jordyn;boy
Socorro;girl
Glen;boy
Pearlene;girl
Destry;boy
Darry;boy
Fleet;boy
Paityn;girl
Kyan;boy
Patience;girl
Dewey;boy
Bryon;boy
Darwin;boy
Emile;boy
Tami;girl
Thorwald;boy
Margueritta;girl
Olivia;girl
Enrico;boy
Thresa;girl
Kassie;girl
Brisa;girl
Anibal;boy
Antoinette;girl
Flossie;girl
Ebb;boy
Seaborn;boy
Andreas;boy
Zebulon;boy
Manuel;boy
Kaiden;boy
Myrle;girl
Jalissa;girl
Pearlie;boy
Powell;boy
Lurena;girl
Elliott;boy
Roseann;girl
Stanton;boy
Shona;girl
Maximilian;boy
Tobi;girl
Kourtney;girl
Suzie;girl
Alys;girl
Freeda;girl
Jolette;girl
Consuela;girl
Lanette;girl
Haley;girl
Elon;boy
Veva;girl
Lindsay;boy
Mikaila;girl
Elige;boy
Javen;boy
Chynna;girl
Kiefer;boy
Julius;boy
Benjamin;boy
Brock;boy
Texas;girl
Jody;boy
Kavon;boy
Geo;boy
Treena;girl
Mabelle;girl
Fabiola;girl
Rand;boy
Makai;boy
Bethany;girl
Evette;girl
Ras;boy
Kimberly;boy
Zaid;boy
Stuart;boy
Wanda;girl
Kittie;girl
Cheryle;girl
Dexter;boy
Chanelle;girl
Lurana;girl
Aldo;boy
Terese;girl
Burke;boy
Adela;girl
Isaak;boy
Norine;girl
Clayton;boy
Jalyn;girl
Pedro;boy
Kara;girl
Damon;boy
Salvatore;boy
Jeryl;girl
Andre;boy
Soledad;girl
Lila;girl
Evaline;girl
Violette;girl
Elizabeth;boy
Colbert;boy
Roswell;boy
Milly;girl
Ricky;boy
Hannah;girl
Iona;girl
Maribeth;girl
Nyasia;girl
Leana;girl
Ammon;boy
Eddie;boy
Abelardo;boy
Christiana;girl
Elzada;girl
Pearl;boy
Valorie;girl
Kristan;girl
America;girl
Christi;girl
Jamila;girl
Elberta;girl
Michial;boy
Roel;boy
Simeon;boy
Hung;boy
Elder;boy
Hansford;boy
Laura;boy
Lizeth;girl
Cristal;girl
Tyra;girl
Festus;boy
Kristal;girl
Belle;girl
Delaney;girl
Denita;girl
Effie;boy
Cecil;boy
Landan;boy
Murl;boy
Harlow;boy
Maceo;boy
Elvera;girl
Meghan;girl
Stephany;girl
Sophronia;girl
Tilla;girl
Gottlieb;boy
Rosina;girl
Eryn;girl
Hobart;boy
Marceline;girl
Samuel;boy
Ally;girl
Adda;girl
Alondra;girl
Fount;boy
Manervia;girl
Spurgeon;boy
Hakeem;boy
Kandi;girl
Casimer;boy
Keisha;girl
Beckie;girl
Byrdie;girl
Jan;boy
Wood;boy
Elick;boy
Ilo;girl
Carri;girl
Jade;boy
Hedwig;girl
Angeline;girl
Romona;girl
Constance;girl
Governor;boy
Aurilla;girl
Jacki;girl
Rhys;boy
Franklyn;boy
Ericka;girl
Algie;boy
Add;boy
Laurine;girl
Harvey;boy
Denver;boy
Latisha;girl
Donat;boy
Antone;boy
Jaelyn;girl
Cristine;girl
Abner;boy
Misti;girl
Trenten;boy
Lashanda;girl
Amiyah;girl
French;boy
Odis;boy
Tasha;girl
Elmyra;girl
Jerrel;boy
Sunny;girl
Greta;girl
Violet;girl
Wynona;girl
Aline;girl
Audrina;girl
Franklin;boy
Antwan;boy
Wyman;boy
Edrie;girl
Juliana;girl
Julisa;girl
Carrie;boy
Jemima;girl
Cicely;girl
Kalie;girl
Jammie;boy
Lyle;boy
Ronna;girl
Braden;boy
Shelva;girl
Archie;boy
Asher;boy
Brandon;boy
Anwar;boy
Diann;girl
Dimitrios;boy
Verena;girl
Ludie;girl
Ciera;girl
Janiyah;girl
Willam;boy
Moe;boy
Hazelle;girl
Lily;girl
Aditya;boy
Aileen;girl
Alec;boy
Lou;boy
Michaela;girl
Barry;boy
Nautica;girl
Reed;boy
Sonji;girl
Herb;boy
Kirby;boy
Lindell;boy
Karan;girl
Miah;girl
Jenna;girl
Flonnie;girl
Mckinley;boy
Leon;boy
Roderick;boy
Natosha;girl
Fay;boy
Cristofer;boy
Alphonse;boy
Bertram;boy
Carla;girl
Kenyon;boy
Leva;girl
Augustina;girl
Kwame;boy
Layton;boy
Needham;boy
Madyson;girl
Elfreda;girl
Belen;girl
Geary;boy
Willy;boy
Casper;boy
Antwain;boy
Gilford;boy
Marietta;girl
Nila;girl
Luka;boy
Alford;boy
Claudius;boy
Sina;girl
Annmarie;girl
Coolidge;boy
Marolyn;girl
Karren;girl
Ruthann;girl
Huy;boy
Jenelle;girl
Thalia;girl
Maudie;girl
Aretha;girl
Misty;girl
Liam;boy
Jaheem;boy
Victorine;girl
Travon;boy
Valentino;boy
Salena;girl
Silver;boy
Alcide;boy
Lauryn;girl
Jeanetta;girl
Danyelle;girl
Nallely;girl
Mariano;boy
Chandler;boy
Jonas;boy
Elena;girl
Montana;boy
Rome;boy
Vester;boy
Jim;boy
Riley;boy
Bernadette;girl
Era;girl
Curt;boy
Ignatius;boy
Davie;boy
Nayely;girl
Christion;boy
Ferdinand;boy
Deondre;boy
Alyse;girl
Yulissa;girl
Gilberto;boy
Roe;boy
Norene;girl
Beverley;girl
Manda;girl
Junior;boy
Andres;boy
Kira;girl
Emory;boy
Gretta;girl
Iola;girl
Catina;girl
Braydon;boy
Dijon;boy
Katharyn;girl
Ryne;boy
Lenore;girl
Monroe;boy
Aili;girl
Frederica;girl
Cicero;boy
Ura;girl
Lucious;boy
Holmes;boy
Joshua;boy
Abigail;girl
Hildur;girl
Malia;girl
Curley;boy
Anais;girl
Ozell;boy
Howell;boy
Emery;boy
Darrel;boy
Media;girl
Stefanie;girl
Pershing;boy
Austin;boy
Ty;boy
Hazel;boy
Bunk;boy
Ossie;boy
Yasmin;girl
Nanie;girl
Jamal;boy
Alyssa;girl
Clarence;boy
Henery;boy
Lorri;girl
Lia;girl
Jacquelyn;girl
Evander;boy
Elease;girl
Sarai;girl
Jetta;girl
Karim;boy
Alden;boy
Ettie;girl
Dorotha;girl
Alfred;boy
Shauna;girl
Eston;boy
Oswaldo;boy
Shanae;girl
Ena;girl
Flavia;girl
Rosendo;boy
Alivia;girl
Estefani;girl
Leonia;girl
Britney;girl
Hershell;boy
Jeannie;girl
Waino;boy
Elba;girl
Skip;boy
Vela;girl
Ursula;girl
Marcus;boy
Stacia;girl
Verne;boy
Jaylee;girl
Tonda;girl
Launa;girl
Tiesha;girl
Koby;boy
Thora;girl
Chelsi;girl
Allyn;boy
Knox;boy
Avah;girl
Brenton;boy
Katie;girl
Justice;boy
Florence;boy
Keyla;girl
Shelvie;girl
Adel;girl
Zana;girl
Tess;girl
Joselin;girl
Zane;boy
Letha;girl
Kegan;boy
Sing;boy
Terrell;boy
Royce;boy
Kadyn;boy
Damion;boy
Wayman;boy
Billie;boy
Tye;boy
Richmond;boy
Marian;boy
Leanna;girl
Araceli;girl
Anastasia;girl
Savon;boy
Renae;girl
Ellar;girl
Cato;boy
Ava;girl
Ottis;boy
Micah;boy
Petra;girl
Ressie;girl
Caleigh;girl
Buel;boy
Buster;boy
Akira;boy
Florencio;boy
Vivien;girl
Ardis;girl
Firman;boy
Myrtice;girl
Jeri;girl
Molly;girl
Ester;boy
Leona;boy
Haylie;girl
Carin;girl
Alton;boy
Kevan;boy
Margarito;boy
Allen;boy
Rafaela;girl
Jacqueline;girl
Arman;boy
Katelyn;girl
Alma;boy
Jaron;boy
Lewis;boy
Cristina;girl
Tanya;girl
Marcela;girl
Elgie;boy
Romaine;girl
Roslyn;girl
Arlis;boy
Macy;girl
Cooper;boy
Stanford;boy
Myra;girl
Karri;girl
Joell;girl
Jacquez;boy
Faron;boy
Hester;boy
Jovanny;boy
Rutherford;boy
Jaslene;girl
Andrae;boy
Dayle;girl
Tahj;boy
Olaf;boy
Darrian;boy
Virdie;girl
Skylar;boy
Carleen;girl
Dollye;girl
Madaline;girl
Josephine;boy
Mariyah;girl
Jerimy;boy
Davis;boy
Beatrix;girl
Tobin;boy
Leo;boy
Kalen;boy
Dow;boy
Tera;girl
Magan;girl
Shaina;girl
Roman;boy
Darrion;boy
Milo;boy
Harman;boy
Artie;boy
Lida;girl
Elmire;girl
Lita;girl
Marilynn;girl
Stephani;girl
Clement;boy
Littleton;boy
Rufus;boy
Madeleine;girl
Verdie;girl
Colten;boy
Bethann;girl
Kathey;girl
Annika;girl
Monica;girl
Bell;boy
Shantel;girl
Callie;boy
Kylah;girl
Manuela;girl
Miriam;girl
Maiya;girl
Bradley;boy
Lossie;girl
Anona;girl
Tonja;girl
Nasir;boy
Kennedi;girl
Barney;boy
Amaya;girl
Maebelle;girl
Deonte;boy
Cathrine;girl
Bennett;boy
Letitia;girl
Janell;girl
Hassie;girl
Omer;boy
Debora;girl
Elden;boy
Nikki;girl
Cain;boy
Irena;girl
Orion;boy
Dameon;boy
Laquita;girl
Aurelia;girl
Sherlyn;girl
Ian;boy
Therese;girl
Bailey;boy
Marcel;boy
Ara;girl
Amelia;girl
Lacy;boy
Berneice;girl
Aydin;boy
Zeta;girl
Nelda;girl
Jaylin;boy
Kathern;girl
Lary;boy
Demetrius;boy
Hasan;boy
Georgia;boy
Ruffin;boy
Jo;girl
Toya;girl
Neppie;girl
Tyree;boy
Scarlett;girl
Josef;boy
Lonna;girl
Griffith;boy
Beyonce;girl
Jimena;girl
Chadd;boy
Ward;boy
Jadon;boy
Deanne;girl
Mellisa;girl
Amani;girl
Manilla;girl
Malinda;girl
Carlos;boy
Delcie;girl
Jeremey;boy
Loney;boy
Obed;boy
Kamryn;boy
Lillianna;girl
Vannie;girl
Lavelle;girl
Earlene;girl
Alvira;girl
Donna;boy
Elmira;girl
Layne;boy
Cliffie;girl
Leeann;girl
Dominga;girl
Tosha;girl
Leisa;girl
Wilfred;boy
Abraham;boy
Joyce;boy
Jess;boy
Tracie;girl
Jason;boy
Zaria;girl
Blanca;girl
Orilla;girl
Emmanuel;boy
Valentine;boy
Paris;boy
Estella;girl
Hughes;boy
Kamron;boy
Elizabet;girl
Madelynn;girl
Sincere;boy
Mariann;girl
Gaston;boy
Denese;girl
Carolyne;girl
Helene;girl
Miya;girl
Ramsey;boy
Tisa;girl
Rosalind;girl
Nevaeh;girl
Cleo;boy
Mansfield;boy
Charles;boy
Ernestina;girl
Bowman;boy
Zayden;boy
Kaci;girl
Emma;boy
Lyndsay;girl
Luz;girl
Jodi;girl
Kathi;girl
Edwina;girl
Marisa;girl
Rance;boy
Murry;boy
Rob;boy
Vella;girl
Trae;boy
Ebony;girl
Karlene;girl
Rita;girl
Gail;boy
Captain;boy
Patrick;boy
Golda;girl
Birtie;girl
Prosper;boy
Zeb;boy
Glenwood;boy
Jocelyn;girl
Zechariah;boy
Buelah;girl
Mateo;boy
Gale;boy
Brittani;girl
Cash;boy
Carmen;boy
Darien;boy
Ana;girl
Arlo;boy
Louella;girl
Vivian;boy
Immanuel;boy
Elsie;boy
Shelby;boy
Fredy;boy
Moses;boy
Aleena;girl
Lempi;girl
Josefa;girl
Josette;girl
Stasia;girl
Ruffus;boy
Seamus;boy
Kim;boy
Mia;girl
Marlon;boy
Kiarra;girl
Danny;boy
Shaquille;boy
Olive;boy
Nyla;girl
Bolden;boy
Anitra;girl
Margene;girl
Harland;boy
Libbie;girl
Tressie;girl
Baby;boy
Jerica;girl
Osie;boy
Horacio;boy
Amey;girl
Tennie;girl
Nedra;girl
Coleman;boy
Roderic;boy
Elenore;girl
Edwardo;boy
Larissa;girl
Fulton;boy
Juanita;girl
Davonta;boy
Sybilla;girl
Gwyn;girl
Gaylen;boy
Roxanne;girl
Teddie;boy
Della;boy
Lawson;boy
Hilah;girl
Diamond;boy
Daron;boy
Shelia;girl
Dillard;boy
Miriah;girl
Pearle;girl
Priscilla;girl
Jinnie;girl
Thor;boy
Birdie;girl
Ramon;boy
Brien;boy
Lucretia;girl
Minda;girl
Henriette;girl
Pandora;girl
Kaitlyn;girl
Helen;boy
Ela;girl
Harriette;girl
Emmie;girl
Sharleen;girl
Brittney;girl
Novella;girl
Alyson;girl
Paxton;boy
Watt;boy
Elihu;boy
Staci;girl
Armond;boy
Lorean;girl
Penny;girl
Garett;boy
Daisy;boy
Merlin;boy
Marla;girl
Leola;girl
Deforest;boy
Cathryn;girl
Ott;boy
Lynne;girl
Eugenio;boy
Antoine;boy
Graves;boy
Jolie;girl
Son;boy
Darius;boy
Kian;boy
Ingeborg;girl
Debroah;girl
Cleone;girl
Ethel;boy
Lakisha;girl
Lashunda;girl
Elbridge;boy
Christian;boy
Burt;boy
Gay;boy
Zhane;girl
Thurlow;boy
Nicholas;boy
Karina;girl
Lettie;girl
Cyndi;girl
Estevan;boy
Tony;boy
Orpha;girl
Alvena;girl
Krista;girl
Hortensia;girl
Belinda;girl
Tanesha;girl
Wilbur;boy
Kathy;girl
Jermaine;boy
Wayde;boy
Nash;boy
Samira;girl
Malcolm;boy
Reynaldo;boy
Steve;boy
Bree;girl
Clarke;boy
Mont;boy
Tegan;boy
Erasmo;boy
Tatianna;girl
Skye;girl
Levar;boy
Arla;girl
Tameka;girl
Dedra;girl
Deandre;boy
Rodrigo;boy
Pranav;boy
Breanne;girl
Donald;boy
Dalia;girl
Adrien;boy
Curtiss;boy
Cristopher;boy
Kieran;boy
Fritz;boy
Victoria;girl
Flora;boy
Corliss;girl
Rosemary;girl
Marchello;boy
Brooklynn;girl
Kenneth;boy
Crista;girl
Sage;boy
Brylee;girl
Rossie;boy
Luigi;boy
Josefita;girl
Destany;girl
Zilpah;girl
Laurance;boy
Agusta;girl
Margarete;girl
Aiden;boy
Wyatt;boy
Alabama;girl
Lafe;boy
Ronny;boy
Areli;girl
Trudy;girl
Emmalee;girl
Keven;boy
Memphis;boy
Candi;girl
Beckett;boy
Charla;girl
Krystina;girl
Ronda;girl
Dino;boy
Liston;boy
Bird;boy
Cephus;boy
Noble;boy
Dortha;girl
Jarvis;boy
Alfonzo;boy
Manson;boy
Rogelio;boy
Hilton;boy
Dottie;girl
Vashon;boy
Susana;girl
Kassidy;girl
Williams;boy
Keely;girl
Janyce;girl
Trista;girl
Chantelle;girl
Krysten;girl
Desean;boy
Rocky;boy
Rahn;boy
Valentina;girl
Reinaldo;boy
Suzy;girl
Jagger;boy
Jerod;boy
Cleon;boy
Maliyah;girl
Ruthie;girl
Dona;girl
Hardie;boy
Alvina;girl
Cullen;boy
Tyriq;boy
Benard;boy
Beula;girl
Ernesto;boy
Cameron;boy
Almedia;girl
Lonzo;boy
Tatyanna;girl
Patric;boy
Geoffrey;boy
Encarnacion;boy
Carolyn;boy
Jocelyne;girl
Toy;boy
Anabel;girl
Nello;boy
Jannette;girl
Georgie;boy
Hernan;boy
Shamar;boy
Mohammed;boy
Gaylene;girl
Marianna;girl
Adamaris;girl
Pepper;girl
Margaret;boy
Lawrence;boy
Ebert;boy
Boone;boy
Jamison;boy
Toccara;girl
Elijah;boy
Schley;boy
Lakendra;girl
Barnett;boy
Sterling;boy
Zina;girl
Aurthur;boy
Heidy;girl
Isabel;girl
Felipa;girl
Merrie;girl
Les;boy
Althea;girl
Shirleyann;girl
Debbi;girl
Gauge;boy
Andria;girl
Cornelious;boy
Nolie;girl
Mabell;girl
Sudie;girl
Marquis;boy
Britta;girl
Tamiko;girl
Jordin;girl
Hilmer;boy
Kason;boy
Torrie;girl
Meyer;boy
Ole;boy
Eithel;girl
Whitney;boy
Fleeta;girl
Trinity;boy
Vernelle;girl
Jory;boy
Caswell;boy
Sheree;girl
Timmy;boy
Elyse;girl
Gustie;girl
Cassie;boy
Estefania;girl
Ala;girl
Ples;boy
Torrence;boy
Dicy;girl
Love;boy
Hale;boy
Arland;boy
Guy;boy
Aloma;girl
Demi;girl
Frankie;boy
Germaine;boy
Roddy;boy
Merilyn;girl
Aniya;girl
Margie;girl
Camila;girl
Dina;girl
Tana;girl
Minervia;girl
Makena;girl
Gustav;boy
Jaime;boy
Talon;boy
Conard;boy
Dotty;girl
Erla;girl
Orlin;boy
Shayna;girl
Farrah;girl
Tex;boy
Cecelia;girl
Kendrick;boy
Gunda;girl
Rolland;boy
Towanda;girl
Karyn;girl
Alonzo;boy
Icey;girl
Byrd;boy
Randi;girl
Verl;boy
Nickolas;boy
Regis;boy
Rasheed;boy
Mikayla;girl
Agustus;boy
Madie;girl
Kelton;boy
Tamekia;girl
Cohen;boy
Tella;girl
Emerson;boy
Holden;boy
Tamela;girl
Sophia;girl
Horatio;boy
Arno;boy
Hassan;boy
Cortez;boy
Sydnie;girl
Deetta;girl
Ross;boy
Carlisle;boy
Israel;boy
Claude;boy
Ramona;girl
Hasel;girl
Eleonora;girl
Nelle;girl
Kyla;girl
Hermine;girl
Sariah;girl
Mariam;girl
Colton;boy
Marion;boy
Jazmin;girl
Brody;boy
Johnson;boy
Sabina;girl
Ivan;boy
Birtha;girl
Ema;girl
Elaine;girl
Weston;boy
Sharon;boy
Margaretha;girl
Kraig;boy
Jonna;girl
Trayvon;boy
Tod;boy
Kurtis;boy
Bernie;boy
Titus;boy
Elza;boy
Norbert;boy
Corene;girl
Lawrance;boy
Jerrica;girl
Doug;boy
Homer;boy
Tarah;girl
Jacklyn;girl
Sylvanus;boy
Leaner;girl
Lamar;boy
Kaleena;girl
Rheta;girl
Domenick;boy
Vicie;girl
Winfred;boy
Oma;girl
Alice;boy
Jameel;boy
Lular;girl
Arnetta;girl
Martika;girl
Rayford;boy
Meadow;girl
Delmus;boy
Vern;boy
Gifford;boy
Randel;boy
Dakotah;boy
Karter;boy
Garnet;boy
Geno;boy
Ivy;boy
Nim;boy
Delila;girl
Hence;boy
Dequan;boy
Zaida;girl
Sharif;boy
Mercedes;girl
Charlotta;girl
Maia;girl
Marquez;boy
Darryle;boy
Dayne;boy
Rollie;boy
Savana;girl
Ashlee;girl
Milan;boy
Wilber;boy
Tomeka;girl
Russell;boy
Claudie;boy
Euna;girl
Enrique;boy
Ignatz;boy
Mitzi;girl
Altie;girl
Lyla;girl
Coleton;boy
Danica;girl
Ashlyn;girl
Phyliss;girl
Coral;girl
Billye;girl
Asbury;boy
Gerhardt;boy
Carolann;girl
Hamilton;boy
Dionne;girl
Florance;girl
Quintin;boy
Elfrieda;girl
Roxie;girl
Kacy;girl
Hunt;boy
Marshall;boy
Kali;girl
Cinnamon;girl
Judge;boy
Sheyla;girl
Jayvion;boy
Nathalia;girl
Citlalli;girl
Mareli;girl
Michele;boy
Aimee;girl
Kenyatta;boy
Tyrique;boy
Trevor;boy
Zed;boy
Clemence;boy
Vivienne;girl
Rhona;girl
Chip;boy
Sondra;girl
Roxanna;girl
Melba;girl
Minna;girl
Sigmund;boy
Dink;boy
Esker;boy
Kahlil;boy
Eligah;boy
Orville;boy
Caroline;boy
Evan;boy
Monty;boy
Zelma;girl
Sergio;boy
Eloy;boy
Enos;boy
Kyle;boy
Deana;girl
Suzann;girl
Leonidas;boy
Kaylah;girl
Elonzo;boy
Waldemar;boy
Jayme;boy
Meagan;girl
Sara;girl
Timmothy;boy
Pollie;girl
Ezell;boy
Nancy;boy
Nichole;girl
Iyanna;girl
Brendan;boy
Jarod;boy
Errol;boy
Shirleen;girl
Lorraine;girl
Mattie;boy
Jaimie;boy
Hayleigh;girl
Camryn;boy
Mervin;boy
Helga;girl
Omie;girl
Douglas;boy
Oda;boy
Avie;girl
Charlotte;girl
Sawyer;boy
Gillie;girl
Calvin;boy
Zola;girl
Nana;girl
Lester;boy
Bryant;boy
Carmine;boy
Ivey;boy
Octavia;girl
Allean;girl
Taryn;girl
Baylee;girl
Sarina;girl
Purl;boy
Marlana;girl
Lugenia;girl
Luberta;girl
Leonardo;boy
Clementina;girl
Adyson;girl
Dosia;girl
Junie;girl
Thomas;boy
Tito;boy
Raheem;boy
Rebekah;girl
Cortney;boy
Glover;boy
Harrie;boy
Elenor;girl
Jasmyne;girl
Villa;girl
Furman;boy
Mortimer;boy
Bill;boy
Taniyah;girl
Gayle;boy
Rubie;girl
Kane;boy
Adalynn;girl
Dionicio;boy
Libby;girl
Anatole;boy
Benjamine;boy
Lyman;boy
Arabella;girl
Cade;boy
Cedrick;boy
Hans;boy
Venessa;girl
Brenda;boy
Fleda;girl
Riya;girl
Noma;girl
Calla;girl
Audry;girl
Gertrude;boy
Ashanti;girl
Jairo;boy
Icy;girl
Vernice;girl
Joshuah;boy
Darrell;boy
Leif;boy
Landon;boy
Jax;boy
Justus;boy
Flint;boy
Paulina;girl
Rosita;girl
Zackary;boy
Blane;boy
Clotilde;girl
Nicky;boy
Kole;boy
Keesha;girl
Barnie;boy
Kory;boy
Louisiana;girl
Darvin;boy
Ariel;boy
Bethel;boy
Bayard;boy
Tuan;boy
Cassidy;boy
Lovie;boy
Cornell;boy
Jace;boy
Sharday;girl
Laurette;girl
Wendy;girl
Loy;boy
Charisse;girl
Kanisha;girl
Exa;girl
Chancy;boy
Gilbert;boy
Allyssa;girl
Jeb;boy
Jamil;boy
Harmon;boy
Bianca;girl
Kirstin;girl
Tatsuo;boy
Hays;boy
Marcelina;girl
Joan;boy
Rupert;boy
Hilliard;boy
Gia;girl
Dillon;boy
Fenton;boy
Marni;girl
Shayla;girl
Rianna;girl
Arly;girl
Camisha;girl
Press;boy
Addie;boy
Ila;girl
Velia;girl
Savilla;girl
Ginger;girl
Brittni;girl
Veta;girl
Arthur;boy
Teagan;boy
Classie;girl
Shana;girl
Paola;girl
Wilhelm;boy
Aja;girl
Veda;girl
Alfie;boy
Crissie;girl
Tisha;girl
Curtis;boy
Flem;boy
Alfreda;girl
Vere;boy
Suellen;girl
Carli;girl
Hugh;boy
Brianda;girl
Lizzie;boy
Dane;boy
Winona;girl
Ronnie;boy
Elex;boy
Maury;boy
Precious;girl
Birt;boy
Cyntha;girl
Deshaun;boy
Galen;boy
Elenora;girl
Cherie;girl
Alda;girl
Jahiem;boy
Jalen;boy
Clem;boy
Liller;girl
Rozanne;girl
Izaiah;boy
Rosalie;girl
Amalia;girl
Douglass;boy
Adline;girl
Eura;girl
Luc;boy
Jamari;boy
Kai;boy
Shena;girl
Carly;girl
Desiree;girl
Dylan;boy
Denzell;boy
Ebba;girl
Carra;girl
Michel;boy
Tevin;boy
Daquan;boy
Cleva;girl
Maegan;girl
Blanchard;boy
Walton;boy
Tommie;boy
Grace;boy
Muhammad;boy
Jarret;boy
Shedrick;boy
Shaunna;girl
Shirlene;girl
Adams;boy
Olene;girl
Vergil;boy
Elta;girl
Stefan;boy
Lidie;girl
Georgiana;girl
Cherry;girl
Erica;girl
Charleen;girl
Carey;boy
Mariela;girl
Denice;girl
Beaulah;girl
Epsie;girl
Sylvania;girl
Williemae;girl
Avis;girl
Katy;girl
Dave;boy
Ethan;boy
Gianni;boy
Linden;boy
Myranda;girl
Maybell;girl
Stoney;boy
Arlyn;boy
Demarcus;boy
Sharde;girl
Chaney;girl
Mechelle;girl
Susann;girl
Aida;girl
India;girl
Hall;boy
Olan;boy
Gust;boy
Randle;boy
Gregorio;boy
Damari;boy
Amparo;girl
Eden;boy
Brown;boy
Gray;boy
Deane;boy
Maybelle;girl
Zoey;girl
Jesus;boy
Jensen;boy
Tracy;boy
Doretta;girl
Phylicia;girl
Cara;girl
Mitch;boy
Giana;girl
Louisa;girl
Ednah;girl
Angelo;boy
Londyn;girl
Long;boy
Dana;boy
Lourdes;girl
Gracie;girl
Gabe;boy
Carlie;boy
Girtha;girl
Cruz;boy
Danita;girl
Cordia;girl
Larue;boy
Belia;girl
Cleora;girl
Laisha;girl
Sherron;girl
Hennie;girl
Gladys;boy
Roy;boy
Barton;boy
Ewart;boy
Joette;girl
Felicitas;girl
Elvira;girl
Dejuan;boy
Demetri;boy
Dalvin;boy
Haskell;boy
Darlene;girl
Mari;girl
Stacie;girl
Eric;boy
Kelcie;girl
Dimitri;boy
Easter;girl
Tyson;boy
Jonah;boy
Cynthia;boy
Lela;girl
Murphy;boy
Steward;boy
Tamika;girl
Jaden;boy
January;girl
Vessie;girl
Arleth;girl
Smith;boy
Alwine;girl
Gene;boy
Alecia;girl
Coley;boy
Alexandrea;girl
Ron;boy
Linsey;girl
Siddie;girl
Korbin;boy
Kimberlee;girl
Kelley;boy
Khari;boy
Chelsea;girl
Campbell;boy
Javon;boy
Dawne;girl
Adrianne;girl
Romie;boy
Creola;girl
Catalina;girl
Josh;boy
Nyah;girl
Rosaria;girl
Shannon;boy
Graciela;girl
Euphemia;girl
Norman;boy
Shelton;boy
Myah;girl
Miner;boy
Cecilia;girl
Aryanna;girl
Venita;girl
Lee;boy
Daxton;boy
Eliseo;boy
Elroy;boy
Karolyn;girl
Kaylan;girl
Nyree;girl
Ralph;boy
Earl;boy
Kristofer;boy
Allena;girl
Glenda;girl
Dedric;boy
Corrine;girl
Berenice;girl
Luana;girl
Shiloh;girl
Danika;girl
Imanol;boy
Clarissa;girl
Chantal;girl
Rosann;girl
Tawnya;girl
Ermina;girl
Joanie;girl
Len;boy
Cheryll;girl
Kami;girl
Ansel;boy
Gertha;girl
Lilyan;girl
Aracely;girl
Jewell;boy
Rube;boy
Samatha;girl
Marge;girl
Arah;girl
Florene;girl
Jethro;boy
Marnita;girl
Burns;boy
Boysie;boy
Maryam;girl
Roni;girl
Inga;girl
Leyla;girl
Karley;girl
Alvaro;boy
Devonta;boy
Judie;girl
Tillman;boy
Brad;boy
Payton;boy
Laraine;girl
Davey;boy
Telly;boy
Napoleon;boy
Marybeth;girl
Lavina;girl
Daniela;girl
Mira;girl
Justina;girl
Alexandro;boy
Nancie;girl
Ozella;girl
Jami;girl
Trevion;boy
Lina;girl
Sanders;boy
Tal;boy
Taj;boy
Isaac;boy
Kinley;girl
Yee;boy
Leonor;girl
Kyler;boy
Collis;boy
Hubbard;boy
Matthew;boy
Marius;boy
Joaquin;boy
Berdie;girl
Evertt;boy
Marvin;boy
Tyreese;boy
Eola;girl
Shiela;girl
Jayce;boy
Silas;boy
Loma;girl
Leland;boy
Emmer;girl
Lena;boy
Caiden;boy
Cherish;girl
Bridgette;girl
Cherrelle;girl
Queenie;girl
Gibson;boy
Quinn;boy
Odessa;girl
Wes;boy
Willia;girl
Talmage;boy
Chad;boy
Simon;boy
Bilal;boy
Lesia;girl
Alta;boy
Niles;boy
Ever;girl
Elmer;boy
Verlene;girl
Lavonia;girl
Antonio;boy
Daulton;boy
Natalya;girl
Debrah;girl
Retta;girl
Sean;boy
Giovanni;boy
Corbin;boy
Khadijah;girl
Justen;boy
Enzo;boy
Oneida;girl
Bob;boy
Etna;girl
Cordero;boy
Iesha;girl
Anthoney;boy
Almeda;girl
Oley;boy
Fleming;boy
Maud;boy
Sada;girl
Adolph;boy
Prudence;girl
Rowland;boy
Sheilah;girl
Johnpaul;boy
Theodis;boy
Dawn;girl
Knute;boy
Madge;girl
Lyric;boy
Christel;girl
April;girl
Shenna;girl
Erland;boy
Myles;boy
Elam;boy
Yasmeen;girl
Quentin;boy
Rylie;girl
Estelle;girl
Jerrie;girl
Ina;girl
Alexander;boy
Kailyn;girl
Alexandra;girl
Bryton;boy
Ryan;boy
Oakley;boy
Shanon;boy
Hayley;girl
Stevan;boy
Adrain;boy
Isamar;girl
Nohely;girl
Janel;girl
Autumn;girl
Taja;girl
Lucio;boy
Hubert;boy
Bernard;boy
Norwood;boy
Lexie;boy
Preston;boy
Robb;boy
Kristin;boy
Armand;boy
Betsy;girl
Thyra;girl
Sandra;boy
Jacquelynn;girl
Hettie;girl
Mistie;girl
Vernal;boy
Fannye;girl
Tamia;girl
Alfonso;boy
Angella;girl
Auguste;boy
Stephenie;girl
Anjanette;girl
Porsha;girl
Erline;girl
Gage;boy
Orvil;boy
Celine;girl
Jazmyn;girl
Tavares;boy
Marland;boy
Damarion;boy
Babette;girl
Mcarthur;boy
Coraima;girl
Tammy;boy
Pallie;girl
Verlyn;boy
Victoriano;boy
Malakai;boy
Davian;boy
Angelica;girl
Octavius;boy
Bishop;boy
Joycelyn;girl
Texanna;girl
Ashli;girl
Raquel;girl
Ezequiel;boy
Philip;boy
Gwyneth;girl
Cliff;boy
Tayshaun;boy
Mathew;boy
Barbie;girl
Boyd;boy
Harriett;girl
Lazaro;boy
Silvia;girl
Elnora;girl
Lincoln;boy
Raoul;boy
Ollie;boy
Audley;boy
Evangeline;girl
Seymour;boy
Yajaira;girl
Garey;boy
Eloise;girl
Aletha;girl
Columbus;boy
Darrius;boy
Sabra;girl
Peyton;boy
Maeve;girl
Olie;boy
Hailee;girl
Clark;boy
Aggie;girl
Leontine;girl
Velva;girl
Nicholaus;boy
Rodolfo;boy
Latrell;boy
Prince;boy
Yoel;boy
Karin;girl
Henry;boy
Ginny;girl
Margarette;girl
Marely;girl
Josiephine;girl
Alleen;girl
Gerrit;boy
Emmitt;boy
Ottie;boy
Everet;boy
Geraldine;girl
Colie;boy
Bambi;girl
Kate;girl
Zachery;boy
Aubrey;boy
Louis;boy
Wilmer;boy
Djuana;girl
Zakary;boy
Maralyn;girl
Jonell;girl
Irine;girl
Von;boy
Albion;boy
Less;boy
Leroy;boy
Cindi;girl
Morgan;boy
Hortense;girl
Clarabelle;girl
Chancey;boy
Arron;boy
Maurine;girl
Lutie;girl
Linna;girl
Mona;girl
Jonathan;boy
Reubin;boy
Jones;boy
Kendal;boy
Caldonia;girl
Kent;boy
Angela;boy
Gretchen;girl
Gardner;boy
Gary;boy
Dawson;boy
Harris;boy
Essie;boy
Linnea;girl
Oris;boy
Cierra;girl
Otelia;girl
Addisyn;girl
Leoma;girl
Giuliana;girl
Tonia;girl
Lucetta;girl
Burton;boy
Tasia;girl
Kaden;boy
Alba;boy
Arlena;girl
Willaim;boy
Rutha;girl
Conor;boy
Dorthea;girl
Phoebe;girl
Elgin;boy
Zara;girl
Cuba;girl
Dorman;boy
Linzy;boy
Kortney;girl
Rocio;girl
Robyn;girl
Portia;girl
Ashleigh;girl
Theresa;girl
Loni;girl
Lafayette;boy
Elisabeth;girl
Izora;girl
Philomene;girl
Ximena;girl
Jovany;boy
Brittny;girl
Nicki;girl
Chyna;girl
Laurence;boy
Waverly;boy
Jamey;boy
Aubree;girl
Jeromy;boy
Viviana;girl
Amiya;girl
Alexandria;girl
Jamir;boy
Burr;boy
Emaline;girl
Kala;girl
Marlin;boy
Liddie;girl
Clell;boy
Danae;girl
Sharron;girl
Annemarie;girl
Loyd;boy
Ivory;boy
Rosaline;girl
Kathie;girl
Olympia;girl
Earline;girl
Daneen;girl
Tripp;boy
Kirsten;girl
Dorr;boy
Tyshawn;boy
Gasper;boy
Kelby;boy
Bria;girl
Gladis;girl
Fisher;boy
Mathilda;girl
Worley;boy
Yael;boy
Dione;girl
Brandy;boy
